keyword,language,topic,topicColor,keywordColor,limitPages,ratioNew
'Waldbrand',de,Hazard,#4287f5,#638ed4,3,0.1840265127282363
'Waldbrände',de,Hazard,#4287f5,#3b4a63,3,0.1775686123982022
'Waldbrände Klimawandel',de,Causes,#679e2c,#477515,3,0.1540202362497928
'Waldbrand Hektar',de,Hazard,#4287f5,#315fa8,3,0.136841370319906
'Waldbrand Rauch',de,Impacts,#a89216,#bfba22,2,0.130489808448159
'Waldbrand Hitze',de,Causes,#679e2c,#7db344,2,0.118192448208299
'Waldbrand Feuerwehr',de,Mitigation,#9e3215,#802d16,2,0.1171642377313446
'Waldbrand Häuser',de,Impacts,#a89216,#a89216,2,0.1149023358300918
'Waldbrand Unterstützung',de,Mitigation,#9e3215,#b55035,1,0.1105319514009023
'Waldbrand Evakuierung',de,Mitigation,#9e3215,#9e3215,3,0.0981989067856331
'Waldbrand Wind',de,Causes,#679e2c,#679e2c,3,0.0966479324589817
'Waldbrand Tote',de,Impacts,#a89216,#87830f,1,0.0960277838694561
'Waldbrand Wetter',de,Causes,#679e2c,#61d01c,3,0.0956667751918259
'Waldbrand Gebäude',de,Impacts,#a89216,#a89216,1,0.0945671288980852
'Waldbrand Schaden',de,Impacts,#a89216,#c4b03b,1,0.0869920560609137
'Waldbrand trocken',de,Causes,#679e2c,#61b00c,1,0.0854359891879613
'Waldbrand Quadratkilometer',de,Hazard,#4287f5,#022f78,1,0.0834549176177985
'Waldbrand Todesopfer',de,Impacts,#a89216,#87830f,1,0.0436296214355899
'Waldbrand Gesundheit',de,Impacts,#a89216,#bfba22,1,0.0324105056996711
'Waldbrand heiss',de,Causes,#679e2c,#7db344,1,0.0263137545105963
'Waldbrand Nationalgarde',de,Mitigation,#9e3215,#d64118,1,0.019164854370499675
'Waldbrand Versicherung',de,Mitigation,#9e3215,#802d16,1,0.0121578123876066
