,phrase,label,sentiment,subjectivity,language,count
(47) zum,,,,,,
11KM-Podcast,,,,,,
12.05.202...,,,,,,
24 Stunden… Kopiere,,,,,,
A 63,,,,,,
A3,,,,,,
A45,,,,,,
A61,,,,,,
A63,,,,,,
A8,,,,,,
A8.,,,,,,
A9-Teilstück,,,,,,
AP,,,,,,
Aachen,,,,,,
Abgebrannte Olivenhaine,,,,,,
Abtei Fontfroide,,,,,,
Achenseebahn,,,,,,
Achenseebahntrasse,,,,,,
Ad-hoc-Programm,,,,,,
Adria,,,,,,
Adria-Küste,,,,,,
Affalterbach,,,,,,
Afrika,,,,,,
Ahrensfelde-,,,,,,
Ahrensfelde-Blumberg,,,,,,
Aigeseck,,,,,,
Alarmber,,,,,,
Albanien,,,,,,
Aldrans,,,,,,
Alfeld,,,,,,
Algarve,,,,,,
Algerien,,,,,,
All,,,,,,
Almeria,,,,,,
Almería,,,,,,
Almorox,,,,,,
Alpbachtal,,,,,,
Alpen,,,,,,
Alpenrand,,,,,,
Alpenraum,,,,,,
Alpenregion,,,,,,
Altadena,,,,,,
Altdena,,,,,,
Alten Fasanerie,,,,,,
Altenburger Land,,,,,,
Alter Truppenübungsplatz,,,,,,
Altkönigs,,,,,,
Altmark,,,,,,
Altmunition,,,,,,
Amazon-Regenwald,,,,,,
Amazonas,,,,,,
Amazonasgebiet,,,,,,
Amazonasregenwald,,,,,,
Amstetten,,,,,,
Andalusien,,,,,,
AndalusienErste,,,,,,
Andalusiens,,,,,,
Andalusische Regierung,,,,,,
Anden,,,,,,
Andernach,,,,,,
Andong,,,,,,
Andorf,,,,,,
Ankara,,,,,,
Anklam,,,,,,
Ankogel,,,,,,
Ansbach,,,,,,
Antalya,,,,,,
An…,,,,,,
Apfelberg,,,,,,
AppleTV+,,,,,,
Aprilende,,,,,,
Aragonien,,,,,,
Arcachon,,,,,,
Argentin,,,,,,
Argentinien,,,,,,
Argentiniens,,,,,,
Arizona,,,,,,
Armee-Areal,,,,,,
Arnsberg,,,,,,
Arnsberg/,,,,,,
Arnsberger Wald,,,,,,
Arns…,,,,,,
Arouca,,,,,,
Artikelzusammenfassung,,,,,,
Aschaffenburg,,,,,,
Asien,,,,,,
Atem,,,,,,
Atem häl…,,,,,,
Ath,,,,,,
Athen,,,,,,
Athener,,,,,,
Atlantik,,,,,,
Atlantikküste,,,,,,
Attendorn,,,,,,
Au,,,,,,
Aude,,,,,,
Aufgestanden,,,,,,
Ausgerechnet,,,,,,
Australien,,,,,,
Australiens,,,,,,
Australiens Nationalpark,,,,,,
Australier,,,,,,
Ausweichquartieren,,,,,,
Auswärtige Amt,,,,,,
Auswärtiges Amt,,,,,,
Autob,,,,,,
Autobahn 13,,,,,,
Autobahn 5,,,,,,
Autobahn 63,,,,,,
Autobahn 8,,,,,,
Autobahn 9,,,,,,
Autobahn A9,,,,,,
Autobahn Tausende Quadratkilometer Wald,,,,,,
A…,,,,,,
B111,,,,,,
B115,,,,,,
B181,,,,,,
B199,,,,,,
B199.,,,,,,
BILD-Interview,,,,,,
Bad Bergzabern,,,,,,
Bad Bleiberg,,,,,,
Bad Dürkheim,,,,,,
Bad Harzburg,,,,,,
Bad Harzburg -,,,,,,
Bad Kreuznach,,,,,,
Bad Liebenwerda,,,,,,
Bad Lobenstein,,,,,,
Baden,,,,,,
Baden-Württemberg,,,,,,
Baden-Württembergs,,,,,,
Baiersdorf,,,,,,
Balearen,,,,,,
Balkan,,,,,,
Barcelona,,,,,,
Barnim,,,,,,
Baruth,,,,,,
Baumsaat,,,,,,
Baumspitze,,,,,,
Bautzen,,,,,,
Bay,,,,,,
Bayern,,,,,,
Bayerns,,,,,,
Bayreuth,,,,,,
Bear-Gulch-Feuer,,,,,,
Beckens von Arcachon,,,,,,
Behördenanga,,,,,,
Behördenangaben,,,,,,
Bekämp,,,,,,
Belgier,,,,,,
Beliebte Küstenorte,,,,,,
Beliebte Urlaubsregionen,,,,,,
Belling,,,,,,
Benefizalbum,,,,,,
Berchtesgaden,,,,,,
Bereitschaft,,,,,,
Berg,,,,,,
Berg Faeta,,,,,,
Berg Saurüsselkopf,,,,,,
Bergen,,,,,,
Bergen-Enkheim,,,,,,
Berghängen,,,,,,
Bergisch-Gladbach,,,,,,
Berlin,,,,,,
Berlin/,,,,,,
Berlins,,,,,,
Bernau,,,,,,
Betretungsverbot,,,,,,
Beverly Hills,,,,,,
Bewohner,,,,,,
Bezirk Bruck-Mürzzuschlag,,,,,,
Bezirk Freistadt,,,,,,
Bezirk Gmunden,,,,,,
Bezirk Graz-Umgebung,,,,,,
Bezirk Grieskirchen,,,,,,
Bezirk Hermagor,,,,,,
Bezirk Imst,,,,,,
Bezirk Innsbruck-Land,,,,,,
Bezirk Isjum,,,,,,
Bezirk Izmir,,,,,,
Bezirk Kirchdorf,,,,,,
Bezirk Kitzbühel,,,,,,
Bezirk Kufstein,,,,,,
Bezirk Landeck,,,,,,
Bezirk La… Am Nachmittag,,,,,,
Bezirk Leoben,,,,,,
Bezirk Leoben Freitagnachmittag,,,,,,
Bezirk Liezen,,,,,,
Bezirk Murau,,,,,,
Bezirk Murtal,,,,,,
Bezirk Mödling,,,,,,
Bezirk Neun,,,,,,
Bezirk Neunkirchen,,,,,,
Bezirk Oberpullendorf,,,,,,
Bezirk Perg,,,,,,
Bezirk Santa Barbara,,,,,,
Bezirk Schwaz,,,,,,
Bezirk Schärding,,,,,,
Bezirk Spittal an der Drau,,,,,,
Bezirk Steyr-Land,,,,,,
Bezirk Südoststeiermark,,,,,,
Bezirk Uiseong,,,,,,
Bezirk Villach-Land,,,,,,
Bezirk Weiz,,,,,,
Bezirk Wiener Neustadt,,,,,,
Bezirk Wr,,,,,,
Bezirken,,,,,,
Bezirken Weiz,,,,,,
Bezirksanwalt,,,,,,
Bezirksfeuerwehrverband Graz-Umgebung,,,,,,
Big Sur,,,,,,
Bildschirmen,,,,,,
Biobio,,,,,,
Biobío,,,,,,
Bitcoin-Besitzer,,,,,,
Black Canyon,,,,,,
Blankenburger,,,,,,
Bleiburg,,,,,,
Blitzdürre,,,,,,
Bludenz,,,,,,
Blütenproduktion,,,,,,
Boden-Brandbekämpfung,,,,,,
Bodenfeuer,,,,,,
Bodensee,,,,,,
Bodentrupp,,,,,,
Bodenvegetation,,,,,,
Bodetal,,,,,,
Boiling Water,,,,,,
Bombers de Catalunya04.07.2026,,,,,,
Bonn,,,,,,
Bordeaux,,,,,,
Bordkran,,,,,,
Borneo,,,,,,
Brand,,,,,,
Brand am,,,,,,
Brand am Brocken,,,,,,
Brand bei,,,,,,
Brand im Bergwald,,,,,,
Brand im Reinhardswald,,,,,,
Brand-Inferno,,,,,,
Brandburg,,,,,,
Brandenburg,,,,,,
Brandenburg +++ Spanien,,,,,,
Brandenburg an d,,,,,,
Brandenburg an d…,,,,,,
Brandenburg e…,,,,,,
Brandenburger,,,,,,
Brandenburger Jüterbog,,,,,,
Brandenburger Landesregierung,,,,,,
Brandenburger Landkreisen,,,,,,
Brandenburgs,,,,,,
Brandenburgs Wälde,,,,,,
Brandes,,,,,,
Brandfläche,,,,,,
Brandgebiet,,,,,,
Brandgebietes,,,,,,
Brandgeruch,,,,,,
Brandgeschehen,,,,,,
Brandherde,,,,,,
Brandherden,,,,,,
Brandnotstand,,,,,,
Brandsaison,,,,,,
Brandschutzschneisen,,,,,,
Brandstelle,,,,,,
Brasilien,,,,,,
Braunau,,,,,,
Braunschweig,,,,,,
Breitenbach am Inn,,,,,,
Breitenberg,,,,,,
Bremsfunken,,,,,,
Bretzfeld,,,,,,
Brignoles,,,,,,
Briten,,,,,,
Britin,,,,,,
British Columbia,,,,,,
Brocken,,,,,,
Brocken-Waldbrand,,,,,,
Brockenbahn,,,,,,
Brockennbahn,,,,,,
Bruchweiler-Bärenbach,,,,,,
Brusio,,,,,,
Bränden,,,,,,
Brüssel,,,,,,
Bucht Urlaub um!,,,,,,
Buenos Aires,,,,,,
Bulgarien,,,,,,
Bund,,,,,,
Bundesforste,,,,,,
Bundeslands,,,,,,
Bundespolizei,,,,,,
Bundesrepublik,,,,,,
Bundesstaat,,,,,,
Bundesstraße lahm,,,,,,
Bundeswehr-Einsatz,,,,,,
Bundeswehrhubschrauber,,,,,,
Bundesweit,,,,,,
Burg,,,,,,
Burg Berwartstein,,,,,,
Burgberg-Seilbahn,,,,,,
Burgenland,,,,,,
Burgenlandes,,,,,,
Burg…,,,,,,
Bursa,,,,,,
Buschbrand,,,,,,
Buschfläche,,,,,,
Butzbach,,,,,,
Böhmischen Schweiz,,,,,,
Böhmischer Schweiz,,,,,,
B…,,,,,,
B… Kopiere,,,,,,
Cadena,,,,,,
Cala d’Hort,,,,,,
Caminomorisco,,,,,,
Campingplätzen,,,,,,
Can Xomeu,,,,,,
Canakkale,,,,,,
Canyon Fire h…,,,,,,
Canyon Lodge,,,,,,
Cap,,,,,,
Cap Ferret,,,,,,
Carcassonne,,,,,,
Celle,,,,,,
Chargers-Coach,,,,,,
Charkiw +++,,,,,,
Chefchaouen,,,,,,
Chicago,,,,,,
Chiemgauer Alpen,,,,,,
Chiemgauer Bergen,,,,,,
Chiemsee,,,,,,
Chile,,,,,,
Chiles,,,,,,
Chios,,,,,,
Chubut,,,,,,
Clooneys,,,,,,
Coast Guard,,,,,,
Colorado,,,,,,
Concepción,,,,,,
Copernicu,,,,,,
Copernicus-Angaben,,,,,,
Copernicus-Bericht,,,,,,
Coquihalla-Autobahn,,,,,,
Corona,,,,,,
Corredera-Platz,,,,,,
Cosco,,,,,,
Costa Brava,,,,,,
Cottbus,,,,,,
Coyotes,,,,,,
Côte,,,,,,
Côte d’Azur,,,,,,
Dahme-Spreew,,,,,,
Dahme-Spreewald,,,,,,
Darmstadt,,,,,,
Dellbrück,,,,,,
Demokratischen Republik Kongo,,,,,,
Deo,,,,,,
Deodose,,,,,,
Departement,,,,,,
Departements,,,,,,
Departements Pyrenees-Orientales,,,,,,
Deutsche Wetterdienst,,,,,,
Deutschen Wetterdienst,,,,,,
Deutschland,,,,,,
Deutschland b…,,,,,,
Deutschlands,,,,,,
Deutschlands Wäldern,,,,,,
Dienstages,,,,,,
Di…,,,,,,
Dolni Chribska un…,,,,,,
Donnerstag,,,,,,
Donnerstagnach,,,,,,
Dorf Orellan,,,,,,
Drama,,,,,,
Drau&szlig;en,,,,,,
Drautal,,,,,,
Drebkau,,,,,,
Dreckige Luft,,,,,,
Dresden,,,,,,
Dresden-Nord,,,,,,
Dresdner,,,,,,
Dresdner Heide,,,,,,
Drohnenabsturz,,,,,,
Drohnenabstürzen,,,,,,
Drohnenflügen,,,,,,
Drucken</li><li,,,,,,
Dutzenden,,,,,,
Département,,,,,,
Départements,,,,,,
Dübener Heide,,,,,,
Dürre-Monitor,,,,,,
Dürreexperte,,,,,,
Dürren,,,,,,
Düsseldorf,,,,,,
D…,,,,,,
ERH,,,,,,
EU-Erdbeobachtungsprogramm Copernicus,,,,,,
EU-Hilfen,,,,,,
EU-Ländern,,,,,,
EU-Rechnungshof,,,,,,
EU-Staaten,,,,,,
East Rutherford,,,,,,
Eaton-Feuer,,,,,,
Eben am Ach,,,,,,
Ebensee,,,,,,
Ebermannsdorf,,,,,,
Eberswalde,,,,,,
Ebola-Fälle,,,,,,
Edmundsklamm,,,,,,
Egelsbach,,,,,,
Egestorf,,,,,,
Einsatzlei,,,,,,
Einschätz,,,,,,
Einsetzender Regen,,,,,,
Eisbach-Rein,,,,,,
Eisenstadt,,,,,,
El Bolson,,,,,,
El Gordo,,,,,,
Elbe,,,,,,
Elbe-Elster,,,,,,
Elbe-Elster-Kreis,,,,,,
Elbtal,,,,,,
Elster,,,,,,
Elsterland,,,,,,
Emberg,,,,,,
Empire State Building,,,,,,
England,,,,,,
Englands,,,,,,
En…,,,,,,
Epuyén,,,,,,
Erdbeben,,,,,,
Erde,,,,,,
Erdrutsch,,,,,,
Erfurt,,,,,,
Erl,,,,,,
Erlangen,,,,,,
Erlenbach,,,,,,
Ermittl,,,,,,
Eskisehir,,,,,,
Etappenabsagen,,,,,,
Eu,,,,,,
Europa,,,,,,
Europapress,,,,,,
Europas,,,,,,
Europäische Rechnungshof,,,,,,
Evakuier,,,,,,
Evakuierungsanordnungen,,,,,,
Evakuierungsbefehle,,,,,,
Evakuierungsrouten,,,,,,
Evakuierungsvorgaben,,,,,,
Evendorf,,,,,,
Ex-Feuerwehrmann,,,,,,
Extrem-Dürre,,,,,,
Extrem-Hitze,,,,,,
Extremadura,,,,,,
Extreme Hitzewelle,,,,,,
Extremregen,,,,,,
Extremwetter,,,,,,
Eysines,,,,,,
E…,,,,,,
FOCUS-online-Redakteur,,,,,,
Faaker Sees,,,,,,
Feedback</li><li,,,,,,
Feldbrand,,,,,,
Ferienortes Tarifa,,,,,,
Ferienortes Tarifa fü…,,,,,,
Feuer,,,,,,
Feuer im Forst,,,,,,
Feuer im Grunewald,,,,,,
Feuer im Harz,,,,,,
Feuer im Wald,,,,,,
"Feuer-""Tsunami",,,,,,
Feuer-Alarm,,,,,,
Feuer-Fahnder,,,,,,
Feuer-Katastrophe,,,,,,
Feueralarm,,,,,,
Feueralarm im Harz!,,,,,,
Feuerdreieck,,,,,,
Feuerfront,,,,,,
Feuerfunke,,,,,,
Feuerhölle,,,,,,
Feuerlands,,,,,,
Feuern,,,,,,
Feuertonne,,,,,,
Feuertornado,,,,,,
Feuervortex,,,,,,
Feuerweh,,,,,,
Feuerwehr-Einsatz,,,,,,
Feuerwehrleuten,,,,,,
Feuerwehrschläuchen,,,,,,
Feuerwetter,,,,,,
Flammemeer,,,,,,
Flammen,,,,,,
Flammen-Hölle,,,,,,
Flammen-Inferno,,,,,,
FlammenWaldbrand,,,,,,
Flammenhölle,,,,,,
Flammeninferno,,,,,,
Fließ,,,,,,
Flin Flon,,,,,,
Florida,,,,,,
Flughafen,,,,,,
Flughafen Marseille,,,,,,
Flughafen Olbia,,,,,,
Flughafen von Frankreich,,,,,,
Flughafens BER,,,,,,
Flugplatz Mainz-Finthen,,,,,,
Flurbränden,,,,,,
Flu…,,,,,,
Flächenbrandes,,,,,,
Flächenlandes wüte…,,,,,,
Fontainebleau,,,,,,
Fontjoncouse,,,,,,
Forchtenstein,,,,,,
Formentera,,,,,,
Forsche,,,,,,
Forstministerium,,,,,,
Forstministeriums,,,,,,
Forum,,,,,,
Franken,,,,,,
Frankfurt,,,,,,
Frankreich,,,,,,
Frankreichs,,,,,,
Französische Atlantikküste,,,,,,
Freien,,,,,,
Freienohl,,,,,,
Freistaat,,,,,,
Freistaates,,,,,,
Freistadt,,,,,,
Freitagnachmittag,,,,,,
Friedrichsdorf,,,,,,
Friedrichsthal,,,,,,
Friesenhagen,,,,,,
Fröschenpfuhl Unterholz,,,,,,
Frühling,,,,,,
Frühlingsbeginns,,,,,,
Frühlingshafte,,,,,,
Fr…,,,,,,
Fuhsekanal,,,,,,
Fulda,,,,,,
Fusion-Festival,,,,,,
Fußballplätzen</li><li,,,,,,
Fußwegs,,,,,,
F…,,,,,,
Gailtal Straße,,,,,,
Galicien,,,,,,
Galiciens,,,,,,
Gallreidebachs,,,,,,
Ganzalm,,,,,,
Garmisch-Partenkirchen,,,,,,
Gaschurn-Partenen,,,,,,
Gase,,,,,,
Gazastreifen,,,,,,
Gebeutelte Gemeinde,,,,,,
Gebiet,,,,,,
Gebirgsgauen,,,,,,
Gebäude im…,,,,,,
Gebäudeversicherer,,,,,,
Gef…,,,,,,
Geländes,,,,,,
Gemeinde,,,,,,
Gemeinde Greifenburg,,,,,,
Gemeinde La Bañeza,,,,,,
Gemeinde Lesachtal,,,,,,
Gemeinde Ruhpolding,,,,,,
Gemeinde Zeithain,,,,,,
Gemeinde Übersee,,,,,,
Gemünden,,,,,,
Gera,,,,,,
Geraer,,,,,,
Geraer Stadtwaldes,,,,,,
Gerlosstein,,,,,,
Germanwings-Hinterbliebene,,,,,,
Geräumt,,,,,,
Gesundheitsministerium mi…,,,,,,
Gesundheitswarnungen,,,,,,
Gewahrsam,,,,,,
Gewitter,,,,,,
Ghanaerin,,,,,,
Gießen,,,,,,
Gifford Fire,,,,,,
Girona,,,,,,
Gironde,,,,,,
Gitschtal,,,,,,
Glashütten,,,,,,
Glendales,,,,,,
Gohrischh,,,,,,
Gohrischheide,,,,,,
Goldgräber-Stadt,,,,,,
Google-Konzern,,,,,,
Gosl,,,,,,
Goslar,,,,,,
Gounsa-Tempel,,,,,,
Grafenweger Höhe,,,,,,
Grampians,,,,,,
Grampians-Nationalpark,,,,,,
Grand Canyon,,,,,,
Grand Canyon Nationalpark,,,,,,
Grand Canyon Nationalparks,,,,,,
Grand-Canyon-Nationalpark,,,,,,
Grand-Canyon-Nationalparks,,,,,,
Granetalsperre,,,,,,
Graz,,,,,,
Grazer,,,,,,
Grazer Buchkogels,,,,,,
Grebenau,,,,,,
Grein,,,,,,
Grenzübergreifend,,,,,,
Griechen,,,,,,
Griechenla,,,,,,
Griechenlan,,,,,,
Griechenland,,,,,,
Griechenlands,,,,,,
Gries,,,,,,
Grippeinfektionszahlen,,,,,,
Grosseinsatz,,,,,,
Groß-Tanklöschfahrzeugen,,,,,,
Großauheim,,,,,,
Großbrand,,,,,,
Großbrand auf der,,,,,,
Großbrand bei Medebach,,,,,,
Großbrand bei Saalfeld,,,,,,
Großbrand im Müritz-Nationalpark,,,,,,
Großbrand im Wald,,,,,,
Großbrand in der Gohrischheide,,,,,,
Großbritannien,,,,,,
Großeinsatzes,,,,,,
Großeinsätze,,,,,,
Großen Feldberg,,,,,,
Großer Brand,,,,,,
Großer Waldbrand,,,,,,
Großflächiger Waldbrand,,,,,,
Großlobming,,,,,,
Großr,,,,,,
Großraum Bordeaux,,,,,,
Großraum Los Angeles,,,,,,
Großraum Los Angeles Panik,,,,,,
Großraum Los Angeles Waldbrände,,,,,,
Großraums Bordeaux,,,,,,
Grumbach,,,,,,
Grunewald,,,,,,
Gräben,,,,,,
Gröditz,,,,,,
Grönland,,,,,,
Gschnitz,,,,,,
Guadalajara,,,,,,
Gudiña,,,,,,
Gutenstein,,,,,,
Gußwerk,,,,,,
Görlitz,,,,,,
Gösselsdorf,,,,,,
Gössering,,,,,,
Habitat for H,,,,,,
Hafe…,,,,,,
Hahoe,,,,,,
Haibach ob der Donau,,,,,,
Hainburg,,,,,,
Hainburg-Hainstadt,,,,,,
Hainzenberg,,,,,,
Halb-Frankreich,,,,,,
Halbe,,,,,,
Halbinsel Gelibolu,,,,,,
Halle Berry,,,,,,
Hallein,,,,,,
Hamburg,,,,,,
Hamburgs,,,,,,
Hanau,,,,,,
Hanau-Großauheim,,,,,,
Hanau-Wolfgang,,,,,,
Hannover,,,,,,
Hannover Rück,,,,,,
Hartberg-Fürstenfeld,,,,,,
Harz,,,,,,
Harzer,,,,,,
Harzer Löschflugzeug,,,,,,
Harzes,,,,,,
Hassel,,,,,,
Hauptstadt,,,,,,
Hauptstadtregion Madrid,,,,,,
Haus,,,,,,
Haus gefu…,,,,,,
Haus seiner Familie +++ Fußgängerin,,,,,,
Haus zu Haus,,,,,,
Hausbrand,,,,,,
Hause,,,,,,
Havel,,,,,,
Havelland,,,,,,
Ha…,,,,,,
Heckenbrand,,,,,,
Heide,,,,,,
Heideck,,,,,,
Heidehäuser,,,,,,
Heidehäuse…,,,,,,
Heidesee,,,,,,
Heiligenblut,,,,,,
Heimatschutzministerium,,,,,,
Heißer Sonntag,,,,,,
Hektar Land,,,,,,
Hektar Pinienwald,,,,,,
Herleshausen,,,,,,
Hermago,,,,,,
Hervás,,,,,,
Herz-Jesu-Feuer,,,,,,
Herzberg,,,,,,
Hessen,,,,,,
Hessens,,,,,,
Hilfegesuch,,,,,,
Himalaya,,,,,,
Hirschbach,,,,,,
Hirschwang,,,,,,
Hirschwang an der Rax,,,,,,
Historisches Hotel,,,,,,
Hittisau,,,,,,
Hitze,,,,,,
Hitze-Perioden,,,,,,
Hitze-Unwetter,,,,,,
Hitzewarnungen,,,,,,
Hitzewelle schürt Sorge vor Ausbreitung von Waldbränden in Europa,,,,,,
Hitzewochenende,,,,,,
Hochsauerlandkreis,,,,,,
Hochstein,,,,,,
Hochtausing,,,,,,
Hof,,,,,,
Hohenems,,,,,,
Hohenlohekreis,,,,,,
Hollywood,,,,,,
Hollywood Hills,,,,,,
Hollywood Hills ge…,,,,,,
Hollywood-Metropole,,,,,,
Hollywoods,,,,,,
Hotel Wörthersee,,,,,,
Ho…,,,,,,
Hubsch,,,,,,
Hubschraubereinsätzen,,,,,,
Huelva,,,,,,
Hunderte,,,,,,
Hérault,,,,,,
Höchsttemperaturen,,,,,,
Hüttau,,,,,,
Iberische Halbinsel,,,,,,
Iberischen Halbinsel,,,,,,
Iberischer Halbinsel,,,,,,
Ibiza,,,,,,
Ibiza-Stadt,,,,,,
Ibizas,,,,,,
Idaho,,,,,,
Idstein,,,,,,
Ierapetra,,,,,,
Imst,,,,,,
Indigene,,,,,,
Inferno,,,,,,
Innsbruck,,,,,,
Innsbrucker Nordkette,,,,,,
Innsbrucker Silvesterfeuerwerks,,,,,,
Insel Chios,,,,,,
Insel Euböa,,,,,,
Inselreiches,,,,,,
Irak,,,,,,
Iraker,,,,,,
Irland,,,,,,
Isar,,,,,,
Iserlohn,,,,,,
Israel,,,,,,
Istanbul,,,,,,
Italien,,,,,,
Italienische Adriaküste,,,,,,
Italiens,,,,,,
Itzehoe,,,,,,
Iven,,,,,,
Iwate,,,,,,
Izmir,,,,,,
JPL,,,,,,
Jacobsthal,,,,,,
Jacobsthal Bahnhof,,,,,,
Jacobsthal-Bahnhof,,,,,,
Jacob…,,,,,,
Jahr sch,,,,,,
Jahrhundert-Feuer,,,,,,
Jakobsweg,,,,,,
Jakobswegs,,,,,,
Jakosbweg,,,,,,
Japan,,,,,,
Japans,,,,,,
Ja…,,,,,,
Jenbach,,,,,,
Jerichower Land,,,,,,
Jerusalem,,,,,,
Jerusalemer,,,,,,
Jerusalems,,,,,,
Jetrichovice,,,,,,
Judendorf,,,,,,
Jäger,,,,,,
Jüterbog,,,,,,
Jüterbog - Großer Waldbrand,,,,,,
Jüterbog in Brandenburg,,,,,,
Jüterbog/Ruhpolding,,,,,,
Jüterbog:,,,,,,
Jüterborg,,,,,,
Jütrichau,,,,,,
Kadolec,,,,,,
Kaffee,,,,,,
Kaiserslaut,,,,,,
Kaiserslautern,,,,,,
Kaiserzeit,,,,,,
Kalabrien,,,,,,
Kaliforn,,,,,,
Kalifornien,,,,,,
Kaliforniens,,,,,,
Kaliforniens Highway 1,,,,,,
Kalifornier,,,,,,
Kaliforniern,,,,,,
Kanada,,,,,,
Kanadas,,,,,,
Kanadas Waldbrände,,,,,,
Kanisters,,,,,,
Kanton Graubünden,,,,,,
Kanton St. Gallen,,,,,,
Kapellenberg,,,,,,
Kapstadt,,,,,,
Kassel,,,,,,
Kastel,,,,,,
Kastelbell,,,,,,
Kastilien,,,,,,
Kastilien und León,,,,,,
Kastilien-La Mancha,,,,,,
Kastilien-León,,,,,,
Katalonien,,,,,,
Kataloniens,,,,,,
Katastrophale B…,,,,,,
Katastrophenalarm,,,,,,
Katastrophenalar…,,,,,,
Katastrophenfall,,,,,,
Katastrophengebiet,,,,,,
Katastrophengebiete,,,,,,
Katastrophenschu,,,,,,
Kemeten,,,,,,
Kempten,,,,,,
Keratea,,,,,,
Kiefernwäldern,,,,,,
Kiel,,,,,,
Kinder,,,,,,
Klagenfurt,,,,,,
Klein Woltersdorf,,,,,,
Klein-Auheim,,,,,,
Kleinbahren,,,,,,
Kleinen Winterberg,,,,,,
Kleinmutschen,,,,,,
Klimahera,,,,,,
Klimaherausforderungen,,,,,,
Klimarückblick,,,,,,
Klimaschaden,,,,,,
Klinik Oberpullendorf,,,,,,
Kloster Lehnin,,,,,,
Knotz,,,,,,
Kolkwitz,,,,,,
Kommentare</li><li,,,,,,
Kommunen,,,,,,
Kontrolle +++,,,,,,
Kontrollgängen,,,,,,
Konzert,,,,,,
Kooperati,,,,,,
Kopiere,,,,,,
Korsika,,,,,,
Krakaudorf,,,,,,
Kratzeburg,,,,,,
Kreis,,,,,,
Kreis Bad Dürkheim,,,,,,
Kreis Bad Kreuznach,,,,,,
Kreis Elbe-Elster,,,,,,
Kreis Oberhavel,,,,,,
Kreis Offenbach,,,,,,
Kreis Ostprignitz-Ruppin,,,,,,
Kreis Potsdam-Mittelmark,,,,,,
Kreis Rottweil,,,,,,
Kreis Saalfeld-Rudolstadt,,,,,,
Kreis San Luis Obispo,,,,,,
Kreis Soest,,,,,,
Kreis Sonneberg,,,,,,
Kreis St. Wendel,,,,,,
Kreisangaben,,,,,,
Kreisbrandinspektion Erlangen-Höchstadt,,,,,,
Kreisbrandmeisters,,,,,,
Kreise,,,,,,
Kreisfeuerwehrverbandes,,,,,,
Kreml,,,,,,
Kreta,,,,,,
Kretas,,,,,,
Krimml,,,,,,
Krimmler Wasserfällen,,,,,,
Krisen,,,,,,
Krisenlagen,,,,,,
Kroatien,,,,,,
Kroatiens,,,,,,
Kroatiens Küste,,,,,,
Kroatische Adria-Küste,,,,,,
Krumbach,,,,,,
Kubschütz,,,,,,
Kurtalstraße,,,,,,
Kykladen-Insel,,,,,,
Kyodo,,,,,,
Kythira,,,,,,
Kärnten,,,,,,
Kärntner,,,,,,
Kärntner Lesachtal,,,,,,
Köln,,,,,,
Kömmel,,,,,,
Königsberg bei Goslar,,,,,,
Königsee,,,,,,
Königsforst,,,,,,
Können,,,,,,
Kühleres Wetter,,,,,,
Künstlerresidenz Villa Aurora,,,,,,
Küste,,,,,,
K…,,,,,,
L.,,,,,,
L.A.,,,,,,
L.A.-Inferno - Wir,,,,,,
L301,,,,,,
LA,,,,,,
La Baña,,,,,,
La Bañeza,,,,,,
Lac dAnnecy,,,,,,
Lacanu,,,,,,
Ladis,,,,,,
Lago Maggiore,,,,,,
Lag…,,,,,,
Land,,,,,,
Land Salzburg,,,,,,
Land Tirol,,,,,,
Land Vorarlberg,,,,,,
Landeck,,,,,,
Landes,,,,,,
Landes Hessen,,,,,,
Landes-Forstbetrieb,,,,,,
Landesamt für,,,,,,
Landesbetrieb Forst,,,,,,
Landesbetrieb Wald,,,,,,
Landesforst,,,,,,
Landesforstanstalt,,,,,,
Landesforstanstalt 33,,,,,,
Landesforstanstalt a…,,,,,,
Landesumweltministeriums,,,,,,
Landeszentrum Wald,,,,,,
Landeszentrum Wald …,,,,,,
Landeszentrums Wald,,,,,,
Landkreis,,,,,,
Landkreis Altenburger Land,,,,,,
Landkreis Altenkirchen,,,,,,
Landkreis Anhalt-Bitterfeld,,,,,,
Landkreis Ansbach,,,,,,
Landkreis Aschaffenburg,,,,,,
Landkreis Bad Kreuznach,,,,,,
Landkreis Barnim,,,,,,
Landkreis Birkenfeld,,,,,,
Landkreis Cham,,,,,,
Landkreis Dahme-Spreewald,,,,,,
Landkreis Elbe-Elster,,,,,,
Landkreis Erlangen-Höchstadt,,,,,,
Landkreis Goslar,,,,,,
Landkreis Görlitz,,,,,,
Landkreis Harz,,,,,,
Landkreis Ludwigsburg,,,,,,
Landkreis Lüneburg,,,,,,
Landkreis Mecklenburgische Seenplatte,,,,,,
Landkreis Meißen,,,,,,
Landkreis Ostprignitz-Ruppin,,,,,,
Landkreis Potsdam-Mittelmark,,,,,,
Landkreis Prignitz,,,,,,
Landkreis Regensburg,,,,,,
Landkreis Roth,,,,,,
Landkreis Saalfeld-Rudolstadt,,,,,,
Landkreis Schwandorf,,,,,,
Landkreis Spree-Neiße,,,,,,
Landkreis Stendal,,,,,,
Landkreis Südliche Weinstraße,,,,,,
Landkreis Teltow-Fläming,,,,,,
Landkreis Traunstein,,,,,,
Landkreis Wittenberg,,,,,,
Landkreise,,,,,,
Landkreisen,,,,,,
Landkreisen Dahme-Spreewald,,,,,,
Landkreises,,,,,,
Landkreises Mecklenburgische Seenplatte,,,,,,
Landkreises s,,,,,,
Landl,,,,,,
Landratsamt Erlangen-Höchst,,,,,,
Landratsamt Meißen,,,,,,
Landratsamt Meißen n…,,,,,,
Landratsamt Saalfeld-Rudolstadt,,,,,,
Landratsamt Traunstein,,,,,,
Landratsamt Tra…,,,,,,
Landratsamtes Meißen,,,,,,
Landratsamtes Saalf,,,,,,
Landratsamtes Saalfeld-Rudols,,,,,,
Landratsamtes Saa…,,,,,,
Landratsamts Meißen,,,,,,
Landratsamts Saalfeld,,,,,,
Landratsamts Saalfeld-Rudolstadt,,,,,,
Landshuter Allee,,,,,,
Landtag,,,,,,
Landtag +++ Waldbrand,,,,,,
Land…,,,,,,
Larouco,,,,,,
Latakia,,,,,,
Latsch,,,,,,
Latschenfeld,,,,,,
Lausitz,,,,,,
Laxenburg,,,,,,
La…,,,,,,
Le Haillan,,,,,,
Le Po,,,,,,
Leere Autobahn,,,,,,
Lehof,,,,,,
Leichtsinnigen,,,,,,
Leipzig,,,,,,
Leithagebirge,,,,,,
Leoben,,,,,,
Leon,,,,,,
Les Pennes-Mirabeau,,,,,,
Lesachtal,,,,,,
Lesachtalstraße,,,,,,
Lesach…,,,,,,
Lesbos,,,,,,
Leuna,,,,,,
Leuna u,,,,,,
Leverkusen,,,,,,
León,,,,,,
Liechtenstein,,,,,,
Lienz,,,,,,
Liezen,,,,,,
Limassol,,,,,,
Lindenberg,,,,,,
Lindlar,,,,,,
Lion Feuchtwanger,,,,,,
Lissabon,,,,,,
Lloyds,,,,,,
Locarno15.07…,,,,,,
Lofererstraße,,,,,,
Lokalheld,,,,,,
London,,,,,,
Long Island,,,,,,
Los Angel,,,,,,
Los Angeles,,,,,,
Los Angeles Coun,,,,,,
Los Angeles County,,,,,,
Los Angeles i…,,,,,,
Los Angeles s…,,,,,,
Los Angeles-,,,,,,
Los Gallardos,,,,,,
Los Padres Natio,,,,,,
Los Padres National Forest,,,,,,
Losheim am See,,,,,,
Los Angeles,,,,,,
Lucca,,,,,,
Ludwigsburg,,,,,,
Ludwigslust,,,,,,
Lunden,,,,,,
Lungau,,,,,,
Luxe,,,,,,
Luxemburg,,,,,,
Lwiw,,,,,,
Längenfeld,,,,,,
Lärz,,,,,,
Löcknitz,,,,,,
Lösch-Helis,,,,,,
Lösch-Mission,,,,,,
Lösch-Roboter,,,,,,
Löscharbei,,,,,,
Löschbedingungen,,,,,,
Löscheinatz,,,,,,
Löschen,,,,,,
Löschflotte,,,,,,
Löschflugzeugen,,,,,,
Löschinfr,,,,,,
Löschrucksäcken,,,,,,
Löschteiche,,,,,,
Löschtei…,,,,,,
Löschwasserstellen,,,,,,
Lübben,,,,,,
Lüneburg,,,,,,
Lüneburger Heide,,,,,,
Lützelbach,,,,,,
Madre-Feuer,,,,,,
Madrid,,,,,,
Madrileños,,,,,,
Magdalensberg,,,,,,
Magdeburger,,,,,,
Maghreb,,,,,,
Magland,,,,,,
Main-Kinzig,,,,,,
Main-Kinzig-Kreis,,,,,,
Mainfranken,,,,,,
Mainz,,,,,,
Makarska,,,,,,
Malaga,,,,,,
Malibu,,,,,,
Mallnitz,,,,,,
Mallorca,,,,,,
Mallorcas,,,,,,
Manhattan,,,,,,
Manito,,,,,,
Manitoba,,,,,,
Marburg,,,,,,
Maria,,,,,,
Maria Elend,,,,,,
Maria Luggau,,,,,,
Maria-Theresianischer-Granzwand,,,,,,
Mark,,,,,,
Marokko,,,,,,
Marokkos,,,,,,
Marseille,,,,,,
Marseille Flughafen,,,,,,
Marseilles,,,,,,
Martigues,,,,,,
Marusici,,,,,,
Maschin,,,,,,
Massen-Niederlausitz,,,,,,
Matterburg,,,,,,
Matterhorn Gotthard Bahn,,,,,,
Mattersburg,,,,,,
McKinley Grove,,,,,,
McKinley…,,,,,,
McKinl…,,,,,,
Mc…,,,,,,
Mecklenburg,,,,,,
Mecklenburg-Vorpommern,,,,,,
Mecklenburg-Vorpommerns,,,,,,
Mecklenburger Seenplatte,,,,,,
Mecklenburgischen Seenplatte,,,,,,
Medebach,,,,,,
Medienbe,,,,,,
Meeresspiegels,,,,,,
Mega-Blackout,,,,,,
Megakonzert,,,,,,
Mehlingen,,,,,,
Meißen,,,,,,
Meißen mi…,,,,,,
Melk,,,,,,
Merignac,,,,,,
Meschede,,,,,,
Mesochoria,,,,,,
Messegeländes,,,,,,
MetLife Stadium,,,,,,
Metropolregion Bordeaux,,,,,,
Metropolregion Los Angeles,,,,,,
Meuselwitz,,,,,,
Millionen-Anwesen,,,,,,
Millionens,,,,,,
Millstatt,,,,,,
Mirandela,,,,,,
Mischwald,,,,,,
Missouri,,,,,,
Mittel,,,,,,
Mittelfr,,,,,,
Mittelfranken,,,,,,
Mittelhessen,,,,,,
Mittelitalien,,,,,,
Mittelmeer,,,,,,
Mittelmeerinsel,,,,,,
Mittelmeerküste,,,,,,
Mittelmeerländer,,,,,,
Mittelmeerraum,,,,,,
Mittleren Ring,,,,,,
Mittwochfrüh,,,,,,
Mittwochmittag,,,,,,
Mittwochvo,,,,,,
Mi…,,,,,,
Montenegro,,,,,,
Montoni-Berg,,,,,,
Montréal,,,,,,
Mon…,,,,,,
Moor in Flammen,,,,,,
Munitionsbelastetes,,,,,,
Munitionsbelastung,,,,,,
Munitionsreste,,,,,,
Murau,,,,,,
Murcia,,,,,,
Murtal,,,,,,
Muskauer Heide,,,,,,
Málaga,,,,,,
Mödling,,,,,,
Möhnesee,,,,,,
Möhneseeturm,,,,,,
Mühlbachkogel,,,,,,
Mühlkreis,,,,,,
Mühlviertel,,,,,,
München,,,,,,
Münchener Rück,,,,,,
Müritz-Nationalpark,,,,,,
Müritz-Nationalparks,,,,,,
Mürzzuschlag,,,,,,
Mü…,,,,,,
M…,,,,,,
NRW,,,,,,
Na,,,,,,
Nachbargebieten,,,,,,
Nachbarschaftshilfe,,,,,,
Nachbarstädte,,,,,,
Nacht,,,,,,
Nacht ha…,,,,,,
Napa County,,,,,,
Narbonne,,,,,,
Nasa,,,,,,
Nationalpark,,,,,,
Nationalpark Böhmische Schweiz,,,,,,
Nationalpark Eifel,,,,,,
Nationalpark Sierra Norte,,,,,,
Nationalpark-Service,,,,,,
Nationalpa…,,,,,,
Naturerlebniszentrum,,,,,,
Naturpark Lüneburger Heide,,,,,,
Naturschutzgebiet Schlimmeres,,,,,,
Nauders,,,,,,
Na…,,,,,,
Neapel,,,,,,
Nemea,,,,,,
Nestelbach bei Graz,,,,,,
Nettetal,,,,,,
Neudorf,,,,,,
Neue Hitzerekorde,,,,,,
Neuegg,,,,,,
Neufundland,,,,,,
Neuhaus,,,,,,
Neuhaus Kopiere,,,,,,
Neujahrsnacht,,,,,,
Neunkirchner,,,,,,
Neuquen un…,,,,,,
Neustadt,,,,,,
Neustrelitz,,,,,,
New Jersey,,,,,,
New Mexico,,,,,,
New Sou,,,,,,
New South Wales,,,,,,
New York,,,,,,
New York City,,,,,,
New Yorker,,,,,,
New Yorker Skyline,,,,,,
New Yorker Stadtteils,,,,,,
New Yorks,,,,,,
New …,,,,,,
New York,,,,,,
Nidderau,,,,,,
Nideggen,,,,,,
Nideggen-Schmidt,,,,,,
Nieder-Eschbach,,,,,,
Niederbayern,,,,,,
Niederlanden,,,,,,
Niedernhausen,,,,,,
Niederrhein,,,,,,
Niedersachsen,,,,,,
Niedersachsens,,,,,,
Niedersc,,,,,,
Niederösterreich,,,,,,
Niedrigflug,,,,,,
Niemegk,,,,,,
Nieska,,,,,,
Niesky,,,,,,
Nittenau,,,,,,
Nobel-Vororts Pacific Palisades,,,,,,
Nordamerika,,,,,,
Nordamerikas,,,,,,
Nordbayerns,,,,,,
Nordengland,,,,,,
Nordgriechenland,,,,,,
Nordjapan,,,,,,
Nordkette,,,,,,
Nordostens,,,,,,
Nordostspanien,,,,,,
Nordportu,,,,,,
Nordra,,,,,,
Nordrhein-Westfalen,,,,,,
Nordsachsen,,,,,,
Nordsachsens,,,,,,
Nordspanien,,,,,,
Nordtirol,,,,,,
North Rim,,,,,,
Notfall,,,,,,
Notfall-Fonds,,,,,,
Notunterkünften,,,,,,
Notzelte,,,,,,
Nouvelle-Aquitaine,,,,,,
Nuble,,,,,,
Nürn,,,,,,
Nürnb,,,,,,
Nürnberg,,,,,,
Oberbayern,,,,,,
Oberbergischen,,,,,,
Oberdachstetten,,,,,,
Oberfranken,,,,,,
Oberharz,,,,,,
Oberhavel,,,,,,
Oberl…,,,,,,
Obernauendorf,,,,,,
Obernberg am Brenner,,,,,,
Oberperfuss,,,,,,
Oberpfalz,,,,,,
Oberpfalz si…,,,,,,
Oberspreewald,,,,,,
Oberspreewald-Lausitz,,,,,,
Obertillach,,,,,,
Oberursel,,,,,,
Oberwallis Schnee,,,,,,
Oberösterreich,,,,,,
Oblast Charkiw,,,,,,
Ocean Cou,,,,,,
Ochsenalm,,,,,,
Odenwald +++ Kronberg,,,,,,
Odenwaldkreis,,,,,,
Odenwaldkreises,,,,,,
Offenbach,,,,,,
Offenburg,,,,,,
Offensees,,,,,,
Ofunato,,,,,,
Onlinenetzwerken,,,,,,
Ontario,,,,,,
Ontario wüten Waldbrände,,,,,,
Oppenau,,,,,,
Oppershausen,,,,,,
Orang-Utan Himba,,,,,,
Orang-Utan-Rettungszentrum Ny,,,,,,
Ortenaukreis,,,,,,
Ossolatal,,,,,,
Ostasiens,,,,,,
Ostdeutschland,,,,,,
Ostdeutschlands,,,,,,
Ostern,,,,,,
Osterzündler,,,,,,
Osthessen,,,,,,
Ostniedersachsen,,,,,,
Ostprignitz-Ruppin,,,,,,
Ostsachsens,,,,,,
Ostsee,,,,,,
Ostsee-Wal,,,,,,
Overath,,,,,,
P,,,,,,
Pacific Coast Highway,,,,,,
Pacific Palisades,,,,,,
Palaia Fokaia,,,,,,
Palisades-Feuer,,,,,,
Paradies am Abgrund,,,,,,
Paradise,,,,,,
Parchim,,,,,,
Paris,,,,,,
Pariser,,,,,,
Paros,,,,,,
Partenen,,,,,,
Pasadena,,,,,,
Pasewalk,,,,,,
Patagonien,,,,,,
Patagoniens,,,,,,
Patras,,,,,,
Payerbach,,,,,,
Pazifik,,,,,,
Pazifikküste,,,,,,
Peloponnes,,,,,,
Perpignan,,,,,,
Peschici,,,,,,
Petzolds,,,,,,
Pfreimd,,,,,,
Phoenix,,,,,,
Picos de Europa,,,,,,
Pilge,,,,,,
Pinzgau,,,,,,
Pirna,,,,,,
Pisa,,,,,,
Pisak,,,,,,
Pixabay,,,,,,
Pizzeria,,,,,,
Platja d’en Bossa,,,,,,
Pollenstaub,,,,,,
Pollino-Nationalpark,,,,,,
Pongau,,,,,,
Pongauer,,,,,,
Porto,,,,,,
Porto Ger…,,,,,,
Portugal,,,,,,
Portugals,,,,,,
Pot,,,,,,
Potsdam,,,,,,
Potsdam Heut,,,,,,
Potsdam-Mittelmark,,,,,,
Pot…,,,,,,
Prad,,,,,,
Prag,,,,,,
Preschen,,,,,,
Pressath,,,,,,
Prignitz,,,,,,
Primstal,,,,,,
Prince Albert,,,,,,
Privacy Center,,,,,,
Privatwaldbesitzer,,,,,,
Proble…,,,,,,
Promeggen,,,,,,
Promi-Metropole,,,,,,
Promine,,,,,,
Provinz,,,,,,
Provinz Almeria,,,,,,
Provinz Almería,,,,,,
Provinz Bragança,,,,,,
Provinz Castellón,,,,,,
Provinz Chubut,,,,,,
Provinz Chubut b…,,,,,,
Provinz Guadalajara,,,,,,
Provinz Guadalajara si…,,,,,,
Provinz León,,,,,,
Provinz Limburg,,,,,,
Provinz Manitoba,,,,,,
Provinz Nord Gyeongsang,,,,,,
Provinz Ontario,,,,,,
Provinz Saskatchewan,,,,,,
Provinz Ávila,,,,,,
Provinz Ávila jed…,,,,,,
Provinzen,,,,,,
Präfektur,,,,,,
Präfektur Bordeaux,,,,,,
Präfektur Iw,,,,,,
Präfektur Iwate,,,,,,
Präfektur und de…,,,,,,
Präfektur …,,,,,,
Puertollano,,,,,,
Punta… Kopiere,,,,,,
Puschlav,,,,,,
Putins Palast,,,,,,
Pyrenäen,,,,,,
Pyrénées-Orie,,,,,,
Pyrénées-Orientales,,,,,,
Quai Zurich Campus,,,,,,
Quedlinburg,,,,,,
Quittelsdorf,,,,,,
Radebeul-Wahnsdorf,,,,,,
Raguhn-Jeßnitz,,,,,,
Raimu,,,,,,
Raimun,,,,,,
Rai…,,,,,,
Ramsau,,,,,,
Ramsau am Dachstein,,,,,,
Rande d…,,,,,,
Raptei,,,,,,
Rathen,,,,,,
Rauch,,,,,,
Rauch am Himmel,,,,,,
Rauch kanadischer Waldbrände,,,,,,
Rauchbelastung,,,,,,
Rauchgas-Warnungen,,,,,,
Rauchglocke,,,,,,
Rauchschwaden,,,,,,
Rauchwolken,,,,,,
Rax-Gebiet,,,,,,
Rax-Sc,,,,,,
Rax-Schneeberg,,,,,,
Rax-Schneeberg-Gebiet,,,,,,
Rax-Schneeberggebiet,,,,,,
Rax-Schneeb…,,,,,,
Rebuilding,,,,,,
Regen,,,,,,
Regenfällen,,,,,,
Regenstauf,,,,,,
Regierun,,,,,,
Regierungsangaben,,,,,,
Regierungspräsidium Darm…,,,,,,
Region Iwate,,,,,,
Region Madrid,,,,,,
Region Santa-Ana-Winde,,,,,,
Regionalbehörden,,,,,,
Regionalr,,,,,,
Reinhardswald,,,,,,
Reinsdorf,,,,,,
Reith,,,,,,
Rekord-Fläche,,,,,,
Rekord-Waldbrände,,,,,,
Rekordschaden,,,,,,
Rekordwaldbrände,,,,,,
Remschütz,,,,,,
Restlöscharbeiten,,,,,,
Retailleu,,,,,,
Rettenegg,,,,,,
Rettungskrä…,,,,,,
Reuters,,,,,,
Reuters07.07.2026,,,,,,
Rhein,,,,,,
Rhein-Main,,,,,,
Rhein-Main-Gebiet,,,,,,
Rheinisch-Bergischen Kreis,,,,,,
Rheinland-Pfalz,,,,,,
Rheinmetall-Tochter,,,,,,
Ribaute,,,,,,
Ried,,,,,,
Riesa,,,,,,
Riesenfeuer vor Paris,,,,,,
Riesiger Waldbrand,,,,,,
Rinn,,,,,,
Rio Negro,,,,,,
Rocky Mountains,,,,,,
Roding,,,,,,
Rom,,,,,,
Romrod,,,,,,
Rosaliengebirge,,,,,,
Rot,,,,,,
Rotenburg,,,,,,
Rotenfels,,,,,,
Rottenmann,,,,,,
Ruden,,,,,,
Ruhpolding,,,,,,
Ruidoso,,,,,,
Russland,,,,,,
Russlands,,,,,,
Ruß,,,,,,
Rynartice,,,,,,
Río Negro,,,,,,
Rösrath,,,,,,
Rössing,,,,,,
Röttenbach,,,,,,
S,,,,,,
Saale-Orla-Kreis,,,,,,
Saalfeld,,,,,,
Saalfeld Wald,,,,,,
Saalfeld-Rudolstadt,,,,,,
Saalfelder,,,,,,
Saalfelder Höh,,,,,,
Saalfelder Höhe,,,,,,
Saarland,,,,,,
Saarpfalz-Kreis,,,,,,
Sabugal,,,,,,
Sachsen,,,,,,
Sachsen-Anhalt,,,,,,
Sachsen-Anhalts,,,,,,
Sachsen-Brand,,,,,,
Sachsenforst,,,,,,
Sachsens,,,,,,
Sachsens Wäldern,,,,,,
Sahara-Staub,,,,,,
Saint-Hélène,,,,,,
Sainte-Marie-la-Mer,,,,,,
Salt Lake City,,,,,,
Salzburg,,,,,,
Salzmest,,,,,,
Samstag Waldbrände,,,,,,
San Cipriano,,,,,,
San Fernando,,,,,,
San Francisco,,,,,,
San Franciscos,,,,,,
Sandschenke,,,,,,
Sankt Pankraz,,,,,,
Sant Antoni,,,,,,
Sant Joan,,,,,,
Sant Jordi…,,,,,,
Sant Josep,,,,,,
Sant Rafel,,,,,,
Santa Barbara,,,,,,
Santa Eulària,,,,,,
Santa Monica,,,,,,
Santa Rosa,,,,,,
Santa Rosa Island,,,,,,
Santiago de Chile,,,,,,
Santiago de Compostela Galizien,,,,,,
Saporischschja,,,,,,
Saragossa,,,,,,
Sardinien,,,,,,
Sasbachwalden,,,,,,
Saskat,,,,,,
Saskatchewan,,,,,,
Sauerland,,,,,,
Saumos,,,,,,
Saurü,,,,,,
Saurüsselkopf,,,,,,
Schaden,,,,,,
Scheibbs,,,,,,
Schelfwerder,,,,,,
Schemerlhöhe,,,,,,
Schierke,,,,,,
Schierke im Harz,,,,,,
Schießplatz,,,,,,
Schladming,,,,,,
Schlei,,,,,,
Schleswig-Holstein,,,,,,
Schlimmeres,,,,,,
Schmidt,,,,,,
Schmitz-Fahrzeugtechnik,,,,,,
Schnee,,,,,,
Schottland,,,,,,
Schramberg,,,,,,
Schrattenbruck,,,,,,
Schuld,,,,,,
Schuldigen,,,,,,
Schutzstreifen,,,,,,
Schwandorf,,,,,,
Schwarzau,,,,,,
Schwarzmeerregion Krasnodar,,,,,,
Schweden,,,,,,
Schwedin,,,,,,
Schweiz,,,,,,
Schwelbrände,,,,,,
Schwerin,,,,,,
Schweriner,,,,,,
Schärding,,,,,,
Schöckl,,,,,,
Schönberg,,,,,,
Schönower,,,,,,
Schönower Heide,,,,,,
Schüssen,,,,,,
Scott…,,,,,,
Seefeld,,,,,,
Sees,,,,,,
Seferihisar,,,,,,
Segelflugplatzes,,,,,,
Seia,,,,,,
Seine,,,,,,
Seligenstadt,,,,,,
Sembach,,,,,,
Sengscheid,,,,,,
Seoul,,,,,,
Serien-Brandstifter,,,,,,
Shisha-Raucher,,,,,,
Shutterstock.com,,,,,,
Sicherhe,,,,,,
Siche…,,,,,,
Silobad,,,,,,
Silopi,,,,,,
Simi Valley,,,,,,
Simonhöhe,,,,,,
Simulierter Waldbrand,,,,,,
Sinnlos-Sensoren,,,,,,
Sizilien,,,,,,
Skigebieten,,,,,,
Slowakei,,,,,,
Smogwarnungen,,,,,,
Social-Media-User,,,,,,
Sommerlicher,,,,,,
Sommerwinde,,,,,,
Sonderdienstes Wald-,,,,,,
Sonneberg,,,,,,
Sonneberger,,,,,,
Sonnenberg,,,,,,
Sonnenwalde,,,,,,
Sonnewalde,,,,,,
Sonniges,,,,,,
Sonntag,,,,,,
Sonntag mi…,,,,,,
Sopron,,,,,,
Soproner Gebirge,,,,,,
Sorg,,,,,,
Sorgen,,,,,,
Souni,,,,,,
Spanien,,,,,,
Spanien)/Bordeaux,,,,,,
Spaniens,,,,,,
Spanier,,,,,,
Spergau,,,,,,
Speyer,,,,,,
Spezialflugzeuge,,,,,,
Spieljoch,,,,,,
Spielplatz,,,,,,
Spital,,,,,,
Spittal,,,,,,
Split,,,,,,
Sportanlage Jahnstraße,,,,,,
Sporthalle,,,,,,
Spree-Neiße,,,,,,
Spremberg,,,,,,
Sprengplatzes,,,,,,
Sprockhövel,,,,,,
St. Agatha,,,,,,
St. Egyden,,,,,,
St. Ingbert,,,,,,
St. Ingbert ve…,,,,,,
St. Ingbert-Hassel,,,,,,
St.Radegund,,,,,,
Staat New York,,,,,,
Staaten,,,,,,
Staatsan…,,,,,,
Staatsbetriebs Sachsenfors…,,,,,,
Stadt,,,,,,
Stadt Bordeaux,,,,,,
Stadt Eskişehir,,,,,,
Stadt Salzburg,,,,,,
Stadt Sancheong,,,,,,
Stadt Wernigerode,,,,,,
Stadt zmir,,,,,,
State Farm,,,,,,
State of Wildfires-Bericht,,,,,,
Statistischen Bundesamts,,,,,,
Sta…,,,,,,
Steiermark,,,,,,
Steiles,,,,,,
Steinapiesting,,,,,,
Steinfeld,,,,,,
Stifts Rein,,,,,,
Stilfser Joch,,,,,,
Straße,,,,,,
Stuttgart,,,,,,
Stürme,,,,,,
Stürmen,,,,,,
St…,,,,,,
Suchteams,,,,,,
Suhl,,,,,,
Sundern,,,,,,
Sunnbichl,,,,,,
Supermarkt,,,,,,
Swiss Re,,,,,,
Sydney,,,,,,
Sylt,,,,,,
Syrien,,,,,,
Syriens,,,,,,
Sächsischen Schweiz,,,,,,
Südamerika,,,,,,
Südbrandenburg,,,,,,
Südchile,,,,,,
Süddeutschland,,,,,,
Süddeutschland +++ Wetterdienst,,,,,,
Südeuropas,,,,,,
Südfankreich,,,,,,
Südfrankreich,,,,,,
Südfrankreichs,,,,,,
Südhessen,,,,,,
Südkalifornien,,,,,,
Südkorea,,,,,,
Südkoreas,,,,,,
Südrussland,,,,,,
Südspanien,,,,,,
Südspaniens,,,,,,
Südthüringen,,,,,,
Südthüringens,,,,,,
Südtirol,,,,,,
Südtiroler,,,,,,
Südwest-Frankreich,,,,,,
Südwesteuropa,,,,,,
Südwesteuropas,,,,,,
Südwestfrankreich,,,,,,
Sü… Kopiere,,,,,,
S…,,,,,,
Tabor,,,,,,
Tagelang,,,,,,
Tagesspiegel Checkpoint,,,,,,
Tal,,,,,,
Tangerhütte,,,,,,
Tankfahrzeugen,,,,,,
Tarifa,,,,,,
Tarragona,,,,,,
Taunus,,,,,,
Tausende,,,,,,
Tausenden,,,,,,
Tausenden Ha…,,,,,,
Tausenden Quadratmetern,,,,,,
Teilen</li><li,,,,,,
Teilsperre,,,,,,
Teltow-Fläming,,,,,,
Tempel,,,,,,
Temperaturrekord,,,,,,
Tennengau,,,,,,
Tennenlohe,,,,,,
Tennenloher,,,,,,
Tennenloher Forst,,,,,,
Terroralarm,,,,,,
Tessin,,,,,,
Teufelskreis,,,,,,
Teupitz,,,,,,
Thale,,,,,,
Thale im Harz,,,,,,
Thessaloniki,,,,,,
Thiersee,,,,,,
Thomas-Mann-Haus,,,,,,
Thymari,,,,,,
Thüringe,,,,,,
Thüringen,,,,,,
Thüringenforst,,,,,,
Thüringens,,,,,,
Thüringer,,,,,,
Thüringer Waldbrand,,,,,,
Tirano,,,,,,
Tirol,,,,,,
Tiroler,,,,,,
Tokio,,,,,,
Torgau,,,,,,
Toronto,,,,,,
Toskana,,,,,,
Tour-de-France-Etappe,,,,,,
Touristeninseln,,,,,,
Touristenregionen Südfrankreichs,,,,,,
Traisen,,,,,,
Traktor,,,,,,
Trancoso,,,,,,
Traunstein,,,,,,
Traunsteiner,,,,,,
Trenton,,,,,,
Tres Cantos,,,,,,
Treuenbrietzen,,,,,,
Tropical Islands,,,,,,
Trump,,,,,,
Truppenübungsplatz,,,,,,
Truppenübungsplatz Altes,,,,,,
Truppenübungsplatz Al…,,,,,,
Truppenübungsplatz Jüterbog West,,,,,,
Truppenübungsplatzes,,,,,,
Trümmern,,,,,,
Tschech,,,,,,
Tschechien,,,,,,
Tschernobyl,,,,,,
Tschernobyl-Sperrgebiet,,,,,,
Tschernobyl-Sperrzone,,,,,,
Tulln,,,,,,
Tunesien,,,,,,
Twitter,,,,,,
Twitter</li><li,,,,,,
Tösens,,,,,,
Türkei,,,,,,
U.S.,,,,,,
US-Bundesstaat,,,,,,
US-Bundesstaat Kalifornien,,,,,,
US-Bundesstaat Washington,,,,,,
US-Bundesstaats Kalifornien,,,,,,
US-Bundesstaat ,,,,,,
US-Bundestaat,,,,,,
US-Großstadt,,,,,,
US-Großstädte,,,,,,
US-Küstenstadt,,,,,,
US-Küstenwache,,,,,,
US-Metropole,,,,,,
US-Präsident,,,,,,
US-Regierung,,,,,,
US-Staat,,,,,,
US-Städte,,,,,,
US-Westküste,,,,,,
US-Westküstenstaat,,,,,,
USA,,,,,,
Uckermark,,,,,,
Uiseong,,,,,,
Ukra,,,,,,
Ukraine,,,,,,
Umw,,,,,,
Umweltministerium,,,,,,
Ungar,,,,,,
Ungarn,,,,,,
Ungewissen,,,,,,
Universität Innsbruck,,,,,,
Unterfranken,,,,,,
Unterholz,,,,,,
Unterkärnten,,,,,,
Unterlamm,,,,,,
Unterpullendorf,,,,,,
Unt…,,,,,,
Unwettern,,,,,,
Unwetterpotenzial,,,,,,
Urlaubsidylle,,,,,,
Urlaubsparadiese,,,,,,
Urlaubsregion,,,,,,
Urlaubsregionen</li><li,,,,,,
Usti nad,,,,,,
Utah,,,,,,
Ut…,,,,,,
Valencia,,,,,,
Var,,,,,,
Vasoldsberg,,,,,,
Vassilis Vathrakoyannis,,,,,,
Vegetationsbrand,,,,,,
Vegetationsbränden,,,,,,
Ventura County,,,,,,
Veranstaltungsgeländes,,,,,,
Verbandsgemeinde Lieb…,,,,,,
Verbandsgemeinde Lieb… [+534 chars,,,,,,
Verbrannt,,,,,,
Verbrannte Natur,,,,,,
Verdammte Sonne,,,,,,
Verheerend,,,,,,
Verkohlte Landschaft,,,,,,
Vermissten-Suche,,,,,,
Vermuntbahn,,,,,,
Verordnun…,,,,,,
Verschwörungsmythen,,,,,,
Verängstigte,,,,,,
Vesuv,,,,,,
Vesuv-Nationalpark,,,,,,
Victoria,,,,,,
Victoria vo…,,,,,,
Viege,,,,,,
Viersen,,,,,,
Vie…,,,,,,
Vigili del Fuoco,,,,,,
Villa Aurora,,,,,,
Vinschgau,,,,,,
Vinschgauer,,,,,,
Vogelsbergkreis,,,,,,
Vogelsbergkreis brann,,,,,,
Vollbrand,,,,,,
Vorarlberg,,,,,,
Vorarlberger,,,,,,
Vorfläming,,,,,,
Vorläufiges,,,,,,
Vorsicht,,,,,,
Voundeni,,,,,,
Vulkan Vesuv,,,,,,
Vulkans,,,,,,
Västervik,,,,,,
Vöcklabruck,,,,,,
Völklingen,,,,,,
V…,,,,,,
W,,,,,,
Wachenheim,,,,,,
Wachenheim an der Weinstraße,,,,,,
Wachenheim/Weinstraße,,,,,,
Wachst,,,,,,
Waffenruhe,,,,,,
Wahlbrandrisiko,,,,,,
Wahlbrände,,,,,,
Wahner Heide,,,,,,
Waidhofen an der Ybbs,,,,,,
Waidr,,,,,,
Waidring,,,,,,
WalDBRAND,,,,,,
Walbränden,,,,,,
Wald-,,,,,,
Waldband,,,,,,
Waldboden,,,,,,
Waldboden un…,,,,,,
Waldbr,,,,,,
Waldbrand,,,,,,
Waldbrand Gohrischheide,,,,,,
Waldbrand am Berg,,,,,,
Waldbrand am Burgberg,,,,,,
Waldbrand am Großen Feldberg +++ Darmstadt,,,,,,
Waldbrand am Großen Feldberg +++ Liveblog,,,,,,
Waldbrand am Großen Feldberg +++ Rollator-Fahrer,,,,,,
Waldbrand am Möhnesee,,,,,,
Waldbrand bed…,,,,,,
Waldbrand bei,,,,,,
Waldbrand bei Wendelstein,,,,,,
Waldbrand im,,,,,,
Waldbrand im Harz,,,,,,
Waldbrand im Taunus,,,,,,
Waldbrand-Alarm in Südbrandenburg,,,,,,
Waldbrand-Ausnahmejahr,,,,,,
Waldbrand-Einsatz,,,,,,
Waldbrand-Fläche,,,,,,
Waldbrand-Gebiet,,,,,,
Waldbrand-Gefahr,,,,,,
Waldbrand-Gefahrenindex,,,,,,
Waldbrand-Großeinsatzes,,,,,,
Waldbrand-Horror,,,,,,
Waldbrand-Hotspots,,,,,,
Waldbrand-Inferno,,,,,,
Waldbrand-Kosten,,,,,,
Waldbrand-Löscharbeiten,,,,,,
Waldbrand-Rauch,,,,,,
Waldbrand-Risiko,,,,,,
Waldbrand-Saison,,,,,,
Waldbrand-Spezialisten,,,,,,
Waldbrandbeauftragter,,,,,,
Waldbrandeinsatz,,,,,,
Waldbrandeinsatzes,,,,,,
Waldbrandeinsätzen,,,,,,
Waldbrandes,,,,,,
Waldbrandes bei,,,,,,
Waldbrandfläche,,,,,,
Waldbrandgebiet,,,,,,
Waldbrandgefahr,,,,,,
Waldbrandgefahr in,,,,,,
Waldbrandgegend,,,,,,
Waldbrandkatastrophe,,,,,,
Waldbrandkatastrophen,,,,,,
Waldbrandopfern,,,,,,
Waldbrandprävention,,,,,,
Waldbrands,,,,,,
Waldbrandsaison,,,,,,
Waldbrandschutz,,,,,,
Waldbrandschutz-Verordnungen,,,,,,
Waldbrandschutzbeauftragte,,,,,,
Waldbrandschutzwegen,,,,,,
Waldbrandsensoren,,,,,,
Waldbrandsensoren im Harz,,,,,,
Waldbrandsituation,,,,,,
Waldbrandstaffel,,,,,,
Waldbrandverordnungen,,,,,,
Waldbrandzeit,,,,,,
Waldbrandzentrale,,,,,,
Waldbrände,,,,,,
Waldbränden,,,,,,
Waldbr…,,,,,,
Waldbr… [+1327 chars,,,,,,
Waldbände bei Jerusalem,,,,,,
Waldfeuer,,,,,,
Waldg,,,,,,
Waldgebiets,,,,,,
Waldstücken,,,,,,
Waldumbau,,,,,,
Walldorf,,,,,,
Wallennrod,,,,,,
Wallis,,,,,,
Wandbrand,,,,,,
Wanderparadies,,,,,,
Wanderwege,,,,,,
Warnapp Nina,,,,,,
Warnungen,,,,,,
Warum Munich Re,,,,,,
Warzen,,,,,,
Washington,,,,,,
Wasserentnahmestopp,,,,,,
Wassernotstand,,,,,,
Wasserpolizei,,,,,,
Weerberg,,,,,,
Weerberger Landesstraße,,,,,,
Wegsc,,,,,,
Weilers St. Martin,,,,,,
Weimar,,,,,,
Weiße Haus,,,,,,
Weißwasser,,,,,,
Weltkriegsmunition,,,,,,
Weltwetterorganisa,,,,,,
Wendelstein,,,,,,
Werder,,,,,,
Werdohl,,,,,,
Werfenweng,,,,,,
Wernigerode,,,,,,
Wernigeröder,,,,,,
Westfalen,,,,,,
Westkanada,,,,,,
Westküste,,,,,,
Westküstenmetropole,,,,,,
Westtürkei,,,,,,
Wetter,,,,,,
Wetterausblick,,,,,,
Wetterdienst Hitzewarnungen,,,,,,
Wetterdienst Météo France,,,,,,
Wetterex…,,,,,,
Wetterlage,,,,,,
Wetterservice,,,,,,
Wiedemar,,,,,,
Wien,,,,,,
Wienrode,,,,,,
Wiens,,,,,,
Wiesbaden,,,,,,
Wiesenbrände,,,,,,
Wiesensteig,,,,,,
Wiesing,,,,,,
Wildalpen,,,,,,
Wildermieming,,,,,,
Windschäden,,,,,,
Winteraktionsabo,,,,,,
Win…,,,,,,
Wochenendpläne,,,,,,
Wochenendprognose,,,,,,
Wolfern,,,,,,
Wolframs-Eschenbach,,,,,,
Wozu,,,,,,
Wuppertal,,,,,,
Wäldern,,,,,,
Wörschach,,,,,,
Wörthersee,,,,,,
Wörthersee-Ostbucht,,,,,,
Wülknitz,,,,,,
Zakynthos,,,,,,
Zehntausende,,,,,,
Zeiselberg,,,,,,
Zeit,,,,,,
Zeit wi…,,,,,,
Zeithain,,,,,,
Zeithain u…,,,,,,
Zeithainer,,,,,,
Zentral-,,,,,,
Zentralkalifornien,,,,,,
Zentralkanada,,,,,,
Zentrum Kanadas,,,,,,
Zentrum Portugals,,,,,,
Zentrum des Landes,,,,,,
Zentrums d…,,,,,,
Zerbst,,,,,,
Zerbster,,,,,,
Zermatt,,,,,,
Zeugen,,,,,,
Zillertal,,,,,,
Zillhöhe,,,,,,
Zirl,,,,,,
Zivilschutz- und Katastrophenschutzbehörde,,,,,,
Zivilschutzes,,,,,,
Zurich,,,,,,
Zweischneidiges,,,,,,
Zypern,,,,,,
Z…,,,,,,
abgelege,,,,,,
alpinen Geländes,,,,,,
amerika,,,,,,
andalusischen Regierung,,,,,,
apokalyptisc,,,,,,
argentinische Regierung,,,,,,
bayerischen Alpen,,,,,,
bb,,,,,,
befür…,,,,,,
betroffen</li><li,,,,,,
ch… Kopiere,,,,,,
den USA,,,,,,
dennoc,,,,,,
der Schweiz,,,,,,
deutschen Grenze - Mega-Waldbrand,,,,,,
de…,,,,,,
draußen,,,,,,
dreißig-neun Grad,,,,,,
eingedämmt.</li><li,,,,,,
ei…,,,,,,
etablierteste,,,,,,
europäischen Ländern,,,,,,
extre…,,,,,,
französischen Mittelmeerküste,,,,,,
gefährlic,,,,,,
griechischen Inseln,,,,,,
ho…,,,,,,
iberischen Halbinsel,,,,,,
jlujuro,,,,,,
kan…,,,,,,
ko…,,,,,,
kroatischen Adria-Küste,,,,,,
kroatischen Adriaküste,,,,,,
kroatischen Küste,,,,,,
kroatischer Küste,,,,,,
kämpfen me…,,,,,,
lby,,,,,,
lhe,,,,,,
lsw,,,,,,
mitteilten.</li><li,,,,,,
mi…,,,,,,
mv,,,,,,
nan,,,,,,
nan Auf der,,,,,,
nan Bei,,,,,,
niederbrennt,,,,,,
niedergebrann…,,,,,,
noe.ORF.at,,,,,,
nu…,,,,,,
photoscala,,,,,,
reuters,,,,,,
sa…,,,,,,
schw,,,,,,
sn,,,,,,
spanische Staat,,,,,,
st…,,,,,,
sächsisch-brandenburgischen Grenze,,,,,,
südamerikanischen Land,,,,,,
südeuropäischen Ländern,,,,,,
südfranzösischen D,,,,,,
th,,,,,,
toben schw…,,,,,,
traditionel…,,,,,,
trockene Starkwinde,,,,,,
trotzde…,,,,,,
tschechisch-sächsischen Grenze,,,,,,
umgräbt,,,,,,
unvorsichtiges,,,,,,
un…,,,,,,
ver…,,,,,,
vi…,,,,,,
vorausgeschick,,,,,,
vorers,,,,,,
vorrücke,,,,,,
vorüberge…,,,,,,
vo…,,,,,,
warnen,,,,,,
warn…,,,,,,
weiterlesenJüterbog,,,,,,
weiterlesenNavaluenga,,,,,,
weiterlesenParis,,,,,,
weiterlesenSanta Rosa,,,,,,
weiterlesenSimi Valley,,,,,,
zu</li><li,,,,,,
zweitgrö…,,,,,,
zweitg…,,,,,,
Ávila,,,,,,
Ägäisküste,,,,,,
Ändernde Windrichtung,,,,,,
Ñuble,,,,,,
Ö,,,,,,
Österreich,,,,,,
Österreich</li><li,,,,,,
Österreicher Alpen,,,,,,
Österreichs,,,,,,
Österreichweit,,,,,,
Ötztal,,,,,,
Übersee,,,,,,
Übersic,,,,,,
Überwachungszentralen,,,,,,
österreischischen Grenze,,,,,,
…,,,,,,
