day,sentiment_mean,sentiment_std,subjectivity_mean,subjectivity_std,counting
2024-12-11,0.4488521652753193,1.0,-0.48566332124836886,1.0,1.0
2024-12-13,-0.1158647029205263,0.5805613732857813,1.111929890117853,0.7915918385443173,7.0
2024-12-14,-1.0589731045155528,1.0,-0.4274542261284898,1.0,1.0
2024-12-18,-0.02131645568543643,1.0,-0.36942822727042085,1.0,1.0
2024-12-22,1.5333387918203334,0.5138564294115693,3.517837207404302,1.5530307601374893,3.0
2024-12-27,0.9975439552015865,0.7577171080566323,-0.4178512582961764,0.013580647347490118,2.0
2025-01-05,-0.5625894839621348,0.7654756575356627,-0.44824637412503354,0.1114656922429075,2.0
2025-01-06,-1.2511481415593073,1.0,-0.3535533905932738,1.0,1.0
2025-01-07,-0.5118734575002319,0.6995261376375431,-0.4993114766250087,0.08878962717415245,9.0
2025-01-08,-0.6349609170540973,1.1073299165962192,0.08095019620195114,0.9811066726873803,41.0
2025-01-09,0.007301019700945013,1.2087307476561115,-0.17019298361871435,0.9026899978672669,23.0
2025-01-10,-0.19827564870961928,0.6325857532573526,-0.32707965221578933,0.44285793953311275,13.0
2025-01-11,-0.16334910038620937,0.742666172864522,0.4581005065858438,0.9149505507081223,8.0
2025-01-12,-0.6660901872266252,0.9118477558074582,-0.4302800071785722,0.08605741244065024,2.0
2025-01-13,-0.09181973776548844,1.4532847174493362,-0.3338877787081535,0.34195470483714113,8.0
2025-01-14,0.6116267246982068,0.7266898615345602,-0.0012834626687782957,0.9400359036782713,8.0
2025-01-15,-0.24340804205284622,0.3207528286136404,-0.1951113146528184,0.8291100302682525,4.0
2025-01-16,1.0125276338193576,0.9914976134942456,-0.4469695610676289,0.09922230438506767,4.0
2025-01-17,-0.10991484811064078,1.142991969919925,0.29954497890595083,0.8270069210495734,4.0
2025-01-18,0.7311146559748226,1.0,-0.5773502691896258,1.0,1.0
2025-01-19,-0.8818858162807723,1.0,-0.5270645209796462,1.0,1.0
2025-01-20,0.3495645261585265,1.3398794572288655,-0.04728415611440118,0.4045346259286788,2.0
2025-01-21,-0.500386254504821,1.0,-0.49113178708672356,1.0,1.0
2025-01-22,0.17654160983201006,1.1714984378182558,-0.09170954507079747,0.39275352689109083,2.0
2025-01-23,-0.7612155692279102,1.0,2.5043907727666137,1.0,1.0
2025-01-24,-0.36571425475495345,0.959020303290563,-0.046376617766703376,0.5940225035313276,3.0
2025-01-25,0.2279976635095325,1.0,-0.5270645209796462,1.0,1.0
2025-01-26,0.5266975757780492,1.0,-0.5381116832933884,1.0,1.0
2025-01-27,-0.5295342024241252,0.1977680189200981,-0.5965342725053622,0.18466329378272386,2.0
2025-01-28,-0.04205016410039466,1.9223637471029469,-0.48045153535445595,0.09844924641849866,5.0
2025-01-29,0.620556050500585,0.9108721367967595,-0.7459966839947254,0.2871596435451646,2.0
2025-01-30,-0.1676597001055311,0.931758200764464,0.5273927484912821,1.71565525566726,3.0
2025-01-31,0.0974667124411005,0.36089830854199995,-0.4637554242422968,0.053823028168676484,4.0
2025-02-01,-0.38818722015557805,1.4933481039620464,-0.44799002109568914,0.07496899211215204,6.0
2025-02-03,1.022601022422986,0.0760615912091804,-0.49120058400909217,0.03569896293651601,2.0
2025-02-04,-1.210430615781093,1.0,-0.3333333333333333,1.0,1.0
2025-02-05,-0.7774043742312505,0.4970329266630494,-0.16988610087924622,0.5656225491231414,4.0
2025-02-06,-1.9057340501273548,0.12167221165571729,-0.45611448211973393,0.10033850720658605,2.0
2025-02-10,0.7943518040361393,1.4780269187028796,1.7491821888792527,1.0,2.0
2025-02-13,0.7699108788363151,1.0,-0.38516444325982163,1.0,1.0
2025-02-16,-0.11666666666666665,1.0,0.16666666666666666,1.0,1.0
2025-02-19,1.232055586682347,0.3212237435178516,-0.2635322604898231,0.37269089690754714,2.0
2025-02-20,0.9166478333488542,1.3748631279476728,-0.48309656627455566,0.13849693655942713,2.0
2025-02-22,-0.6775980691295692,1.9748655012231089,0.2640079998782686,1.0323272588175691,3.0
2025-02-23,0.9459530823959968,1.0,-0.5381116832933884,1.0,1.0
2025-02-24,0.4499073709622199,0.6377837826488139,-0.45655877368842934,0.04116004588599924,2.0
2025-02-25,1.2053400128448812,1.0,-0.40812090628519737,1.0,1.0
2025-02-26,-0.11669798386507318,1.0,-0.6218574607619541,1.0,1.0
2025-02-27,2.649474813102039,0.10842287881674234,-0.44293589502662534,0.1039555406792399,2.0
2025-02-28,0.026084241414907047,0.2600961601251744,-0.25,0.3535533905932738,2.0
2025-03-01,-0.6358212600466756,0.73169232505603,2.5264726805299627,0.6355356509667595,3.0
2025-03-02,0.41610127253958085,1.0,1.5000000000000002,1.0,1.0
2025-03-03,-0.062112843153075324,0.12107621926752678,1.2455957622714249,1.983638823961656,4.0
2025-03-04,-0.34909519222264085,0.8794305158626469,0.45303252383951,1.4233718308373078,8.0
2025-03-05,0.30639577218721803,0.9701424371264838,-0.444724590733414,0.062110451728100244,3.0
2025-03-06,0.6313086058142952,1.201096289657245,-0.19479139991021507,0.617277113211133,11.0
2025-03-07,-0.21119630326259423,0.8897567278988734,-0.26251425306862786,0.33543160570154756,7.0
2025-03-08,0.34572775487664364,0.8565947548327592,0.4142697401930909,1.2561121633196157,13.0
2025-03-09,-0.03275036735861405,0.8668120463455068,0.8752688479987469,2.1410897882965854,11.0
2025-03-10,-0.42628312813174035,1.9144967502049286,-0.055084380810857085,1.0632494762283686,9.0
2025-03-11,-0.20600097342626086,0.32576407441417987,-0.23239902324900263,0.6585314058067958,6.0
2025-03-12,-0.1422688690645647,1.425550455596566,1.231167876468125,1.557458205296654,5.0
2025-03-13,-0.3044611146237773,0.2603631332740277,-0.39547141275477476,0.02255712948166798,3.0
2025-03-14,0.11246380530443896,2.3291286124853467,-0.684859741987977,0.29060650566203167,3.0
2025-03-15,-1.552570628289139,1.0,-0.36942822727042085,1.0,1.0
2025-03-17,0.37821586810199115,0.9577814533818677,-0.39725422422981477,0.36649812174349095,6.0
2025-03-18,-0.20775131265192928,0.806363150545192,-0.3891466659895635,0.02788608346543426,2.0
2025-03-19,-1.5592098900536535,0.5001448820476658,0.030064767365525685,0.5649684110871976,2.0
2025-03-21,0.7028451964389939,0.4998493488188909,-0.4351903183390787,0.07379733882127268,6.0
2025-03-22,0.30313714235005546,0.6810655233347968,-0.001826349268642158,0.5999538021874763,6.0
2025-03-23,-0.8799414390172784,1.282479434786586,-0.08171514564478277,0.7112514155803044,7.0
2025-03-24,1.1464273349872889,1.0,2.385877784325221,1.0,1.0
2025-03-25,-0.49622633238174074,2.6926413142826,-0.4088651047087061,0.0,2.0
2025-03-26,-0.3549794389657965,1.3331586357750684,0.07663166508925509,1.1851168519700053,21.0
2025-03-27,-0.5340774281847229,1.444674377163279,-0.4741450490856306,0.10316215127964144,10.0
2025-03-28,-0.019836044117873153,1.204517226780046,-0.436119924474587,0.054616778080909964,6.0
2025-03-29,0.4090416924630211,0.780240811132191,-0.48766471555599944,0.06824246480208392,3.0
2025-03-30,-1.0414043055920759,0.16878653195201027,-0.3891466659895635,0.02788608346543422,2.0
2025-03-31,1.0406725138000446,1.1492957950803668,-0.5550914968301386,0.03963612936006961,2.0
2025-04-02,-1.281443869005282,1.0,0.04339440550713151,1.0,1.0
2025-04-04,-0.09409101866672821,0.721593786512555,1.0563457762392074,1.9938830415091346,9.0
2025-04-05,0.3110925744489513,0.9295887499612099,-0.4416920972259719,0.06787017414047576,6.0
2025-04-06,0.2257666686646175,0.14831394344234136,1.1272269985174368,0.7344779066022272,4.0
2025-04-07,0.5363912318182993,0.6995837275087301,-0.2927990871026644,0.2066785986587563,4.0
2025-04-08,0.40824381261145687,1.6775118110483864,0.6492573452812331,0.479770529081554,2.0
2025-04-10,-0.0326097594601569,1.4004366209229988,-0.11225377757256992,0.8705119966689041,8.0
2025-04-11,0.26189219056346597,0.694909186253532,-0.27679551875836134,0.37807795725564664,5.0
2025-04-12,-0.23534226822474982,0.4202030016086227,-0.4441310305297332,0.06860626573615698,6.0
2025-04-13,0.1280253571347064,1.3519065241683128,-0.4027093495688585,0.034994540029878694,3.0
2025-04-14,-0.23116655753072646,0.3788667304751812,0.010839172336132352,0.9615263024080241,4.0
2025-04-15,0.8159734729682394,0.6241342127969389,-0.31377008095359055,0.17603754442106964,6.0
2025-04-17,-0.8599314030753186,1.52561739919495,0.41528116035489465,1.4658185437630638,3.0
2025-04-18,0.09880523021244006,0.07066713353670691,2.257363956351152,2.1579276469821846,2.0
2025-04-23,-0.06271758520790507,1.748917392753493,0.21667721682237026,0.9991930109608704,6.0
2025-04-24,-0.2556161864983139,1.3849164048179439,-0.4738643156455737,0.05997656126862258,3.0
2025-04-26,-0.2647614974342863,1.0,1.2679806287116504,1.0,1.0
2025-04-27,-0.1602289913289844,1.0,0.9885063398082576,1.0,1.0
2025-04-28,0.618916315385318,0.3288307844453999,0.11422398707337149,1.0006293380936475,3.0
2025-04-29,-0.45079515751197247,1.4571005991254935,-0.07622990108881252,0.49927749341945726,4.0
2025-04-30,0.4291897958337829,0.9677318622112605,0.0013212417580131114,0.883361112823689,10.0
2025-05-01,0.05311283183335076,0.5574815306166896,0.11644820812427222,0.8962401144774096,14.0
2025-05-02,-0.6857737936208875,0.36495908675063177,-0.39571947889594433,0.02276889180499226,3.0
2025-05-03,-0.37127504745011325,1.2611222014780963,-0.5239746924359237,0.08763685501893786,4.0
2025-05-04,0.40852858475365156,0.7889633110422538,-0.449147947917173,0.10031266943027356,6.0
2025-05-05,-0.9983862995226165,1.0162659070281175,-0.46330422767623997,0.0758367185979663,6.0
2025-05-08,-0.23244187428738888,0.7182149240530507,-0.51590242275908,0.0869560103321559,4.0
2025-05-09,-1.1289161182400942,1.0,,1.0,1.0
2025-05-10,-0.0576771811559158,0.9509832966898211,-0.4554503539354008,0.07835549793181137,4.0
2025-05-12,-0.3644322999445017,0.24149537647859914,-0.049663024219893825,0.6923625453820043,4.0
2025-05-13,-0.5056336265688363,0.9873997373472828,-0.40556469672779555,0.19469836292087395,12.0
2025-05-14,0.4654147647944239,1.281730846539273,-0.08355395905167537,0.8859304745262369,10.0
2025-05-15,0.15815003930693278,0.5432694248806776,-0.4353138841264602,0.06191172041515608,9.0
2025-05-16,0.09925253005605024,0.04811052784708731,-0.3865917641698669,0.29129264349237755,3.0
2025-05-19,-0.9009915170388672,1.2371259766244032,0.029135242830045826,0.9355146140250297,5.0
2025-05-20,-0.39586905054479177,1.0,-0.3333333333333333,1.0,1.0
2025-05-21,0.5280420920917155,1.0,2.071849666364843,1.0,1.0
2025-05-23,-0.09941447695983134,0.07105077654704173,-0.46671693091369365,0.13579489985533263,3.0
2025-05-25,-0.30621655006850873,0.5561018123685073,-0.48766471555599944,0.06824246480208392,3.0
2025-05-27,-0.6932404011998377,0.5366607010574687,0.4027784893994635,1.3717963303782832,3.0
2025-05-28,-0.26912912022865615,0.2155701803733217,0.5326673006523928,1.6327445756877312,2.0
2025-05-29,-0.09126732784317809,1.101296055755792,1.7588811891916698,1.7354414335931139,5.0
2025-05-30,-0.28949949243610745,0.4808949778029153,0.032541985780227364,1.2214121827467233,7.0
2025-05-31,1.0908256315022282,1.1509056107684312,1.349064543057571,1.3071410243185353,7.0
2025-06-01,-0.0010738666795635197,1.0,-0.4274542261284898,1.0,1.0
2025-06-02,0.7589809078552233,1.006133902713107,-0.43880648130513683,0.1231802342175499,3.0
2025-06-03,0.814602837780187,0.34174258107870575,0.4102869182282663,1.8809341559507513,5.0
2025-06-04,1.104920996854907,0.2248145806099566,-0.5325881021365173,0.0078115233849156175,2.0
2025-06-05,-0.521616865607232,1.4750708304615694,1.286012171262631,1.4628176684531469,10.0
2025-06-06,-0.7893955262982468,1.0,1.2556196242915338,1.0,1.0
2025-06-07,-1.0087224512943131,0.6086258072959757,1.7012302669843322,0.5730014747667991,2.0
2025-06-08,-0.9909654949606063,1.0,1.3588073659489337,1.0,1.0
2025-06-09,-0.22920249971770676,1.0,1.825748543493885,1.0,1.0
2025-06-10,-0.44266541598500275,0.9540755754853018,0.10655476017623004,1.0338386094834857,5.0
2025-06-11,-0.533834171223201,0.9061012909754651,0.05260054210281179,1.0093218192397233,6.0
2025-06-12,-0.7694250042362158,1.119085338592813,-0.3966426747725095,0.016232670677301452,2.0
2025-06-13,0.16070913146432275,0.7780643903762748,-0.40957996781565875,0.05040139448145843,7.0
2025-06-14,-0.22188009917504797,0.5877603498761494,0.8290785606483974,1.4763311006820237,4.0
2025-06-15,-0.029954860376105175,1.0506170167520703,-0.6296840331507552,0.013029389790508283,2.0
2025-06-17,0.909176283569861,1.0,-0.5381116832933884,1.0,1.0
2025-06-18,-0.44355980615756074,1.215496000626564,1.102371495459416,1.7532616919315407,6.0
2025-06-20,-0.7185751205199935,0.7811898517046151,-0.28065816321077464,0.40329916755455186,5.0
2025-06-21,0.48075922899769374,0.9956943443433698,0.03283077458663127,0.7842060211188692,20.0
2025-06-22,0.5579063586016949,0.6916386707679866,-0.35579464064698707,0.32622899190989235,14.0
2025-06-23,0.6576258752982189,0.8730991645891532,-0.3925326275413329,0.26177937780639693,14.0
2025-06-24,-0.3873525659248635,1.1445269477967734,-0.48266235145702424,0.10523317866262029,16.0
2025-06-25,-0.013025485568188864,1.2542420599853623,-0.46511030207076476,0.10577549343219377,9.0
2025-06-26,0.3091362570477942,0.5428738443097846,-0.075917465178019,0.9516829383372025,5.0
2025-06-27,-0.5386417513401077,1.310734462413164,0.5905301351504736,1.351856945742346,5.0
2025-06-28,-1.0141019016544088,1.4040106422159422,-0.3887745667778091,0.02735985571362292,2.0
2025-06-29,0.2647036494206053,1.3661132044430337,-0.2837460438450904,0.4293698682507674,5.0
2025-06-30,0.12073064829654301,1.0929026540051556,0.4148040950300822,1.4200298128570743,19.0
2025-07-01,-0.2996878135232474,0.9040075249508118,-0.08600682705276581,0.942172848977518,24.0
2025-07-02,-0.14380768768153757,0.8422570111138485,-0.07895421758352644,1.2141229921701668,39.0
2025-07-03,-0.04317906116695343,0.942914674603943,-0.13018174571972183,0.8827942253784924,94.0
2025-07-04,0.013257344548178198,0.7147510494269387,-0.05103643385831578,0.837593723713417,46.0
2025-07-05,-0.02652505327738537,1.142616616322184,-0.3579648760205634,0.3587824169794443,38.0
2025-07-06,0.049461761859616885,0.8989465037488489,-0.2865840328574833,0.6281048553038647,30.0
2025-07-07,0.1897636175521855,1.0790877689027838,0.007210102479154545,0.8344557856094984,27.0
2025-07-08,-0.025907840174541556,0.8449498442988514,-0.3737237016694201,0.40446657983951234,29.0
2025-07-09,0.2563677731261489,0.7581042793364866,0.4362715061192328,1.3372105240401577,20.0
2025-07-10,0.4399446054553408,0.7438787026429791,-0.05888874644151412,0.7681112670327843,7.0
2025-07-11,-0.1408423964606206,0.9711042172746382,-0.22145230108130778,0.5215374508806636,15.0
2025-07-12,0.05811939504210489,0.5641702592082757,-0.46570485295973335,0.08912707662430709,7.0
2025-07-13,-0.027781096335280392,0.2848528804156494,0.6438184301002483,1.671501596138451,2.0
2025-07-14,-0.20560692642414558,1.8941259052878747,-0.4036531657040807,0.02444153230664322,5.0
2025-07-15,0.3097400161165993,1.332974046050775,-0.05282578068723715,1.0242549089997317,7.0
2025-07-16,-0.3526739451588396,0.27753492457749135,-0.44824637412503354,0.1114656922429075,2.0
2025-07-17,0.6978131172967847,0.4834178207025183,0.45018559879931863,0.7213466031624857,3.0
2025-07-18,1.2524476423505437,1.0916703670003352,0.7797517197526451,1.0688095331255842,6.0
2025-07-19,0.4617570498736818,1.0,-0.4274542261284898,1.0,1.0
2025-07-22,-0.16907407318369014,1.0,-0.3535533905932738,1.0,1.0
2025-07-23,-0.3077451427496351,0.5077823736059458,0.16631380296608236,1.3077040148520265,5.0
2025-07-24,0.273412515538771,0.7730167850930366,-0.18967919174319495,0.7342728089809818,7.0
2025-07-25,-0.2315461863782453,1.8932660402474022,-0.041952785998657365,0.7246936460816371,10.0
2025-07-26,0.37960416134367697,0.886736111014315,0.03514166994376384,0.8906086514804878,7.0
2025-07-27,0.2654536815277417,1.0467642216127215,0.13133236803467604,1.3429235068917071,17.0
2025-07-28,0.6817390234505935,0.5891547344372289,-0.43527311882084563,0.04118702294871388,6.0
2025-07-29,-0.05796754275794899,0.6712300420494735,-0.08277468628313059,0.6623254364193896,13.0
2025-07-30,0.0709761891031313,0.42032497493152227,-0.4677123735057511,0.08496457758613066,8.0
2025-07-31,-0.16398090251689498,0.8682638581887904,-0.44824637412503354,0.1114656922429075,2.0
2025-08-01,1.131893121377618,0.836858091448809,0.19359478949205342,1.090621926653,3.0
2025-08-02,1.1409025607894294,1.6076582185988484,-0.30999096188514896,0.4295096391067273,7.0
2025-08-04,0.5681486277255406,0.9883649432312321,-0.5330749991185532,0.045248841333211415,3.0
2025-08-05,0.22202939364574112,1.1996408397824314,-0.01897351960109543,0.9617986677525773,11.0
2025-08-06,0.3713332355680813,0.7861382476629701,0.26586081370830944,1.059099089964424,19.0
2025-08-07,0.40496939457641773,0.7447820270285723,0.21971244670501378,0.9362436344061587,19.0
2025-08-08,0.2790347385568084,0.7038137212037164,0.0034441484829853693,0.9401621050251052,23.0
2025-08-09,0.10490677212088861,0.5380993073908754,-0.008383764551681423,1.2167010486957257,14.0
2025-08-10,-0.005577049542825767,0.8270832101501594,-0.02163499261300132,1.0922699238978555,12.0
2025-08-11,-0.20119726115378592,1.2434668502177233,0.4538489256462191,1.3380726564059848,21.0
2025-08-12,0.38574648663208466,0.9828402663986046,0.12999519830626494,1.3647715556688582,22.0
2025-08-13,0.0032471302581073584,1.2047647632614782,-0.1811890290961676,0.5737430555703146,21.0
2025-08-14,-0.08089518310150327,0.8061963975188877,-0.09247413192170612,0.834127033084997,16.0
2025-08-15,0.23141612458248645,1.0816511430932083,0.4201263050514174,1.2797607192023315,13.0
2025-08-16,0.4169923945006088,2.1466998669230297,-0.43674233275873897,0.10823841416767237,5.0
2025-08-17,0.031216109218482425,1.366799323693139,0.590598690873508,1.3680749101562981,20.0
2025-08-18,0.4214527198878236,1.1510720178501774,0.3128697831651461,1.1655670147419395,18.0
2025-08-19,0.17206773955530763,1.1333050995236325,-0.15243887218436156,0.629264712726468,24.0
2025-08-20,-0.00043677430671376915,0.9269682135629433,-0.23616020166819357,0.6396226633686893,20.0
2025-08-21,0.3842463598616688,1.0783889270393288,1.3835111964167799,2.5872994911998513,9.0
2025-08-22,0.012735058572733474,1.178977538941173,-0.16221780832257915,0.7037470784476767,6.0
2025-08-23,0.07213841349186,1.0682887150370894,0.45365583303605317,1.387424290292084,13.0
2025-08-24,0.7547944133752841,0.8105332502549875,-0.06065515080413122,0.660122663105272,5.0
2025-08-25,0.2252504839571908,1.2117366074655473,0.29074935420781134,1.0861253015875008,5.0
2025-08-26,0.6945915527241792,0.7118375213904761,0.6847345272303162,1.2780548077862435,7.0
2025-08-27,0.8175681823156895,0.5454657044200555,-0.3830404922979064,0.2264119836243561,5.0
2025-08-28,-1.1531906668961802,1.046408179848863,-0.5270645209796462,0.0,2.0
2025-08-29,-0.5288612537773891,0.6079592465674366,0.3876771900641165,1.1975612661830741,10.0
2025-08-30,0.2577575097850761,0.9019622646334772,0.3334490640268497,1.6672560920186794,6.0
2025-09-01,-0.4560470107866003,0.3208065841035229,-0.44726421297853747,0.05430453969822843,2.0
2025-09-03,0.08870794628332603,0.9192307424944353,-0.11735620874187609,0.9189029948665456,6.0
2025-09-04,0.3310044871027178,0.9262682425156128,0.03436696737677519,0.594135540694587,6.0
2025-09-05,0.8522505506540292,0.6828770010694346,0.6016073858975856,1.0378620119109154,3.0
2025-09-06,0.17180507566382053,0.5671103517189072,0.015572704048205877,0.925560218749891,2.0
2025-09-07,0.636356162751778,1.3232457455723576,-0.46440107727072605,0.08632838089635826,3.0
2025-09-08,-0.6599091203227114,1.0,-0.5270645209796462,1.0,1.0
2025-09-09,0.006961317299058069,0.863659551991225,0.07278097239367355,1.0147599971353256,9.0
2025-09-11,-1.305697096589719,1.0,-0.5,1.0,1.0
2025-09-12,0.42582407042636256,1.0,-0.5381116832933884,1.0,1.0
2025-09-13,-0.1602289913289844,1.0,3.783249228842185,1.0,1.0
2025-09-14,0.18098145653700548,1.0,-0.46290056003808255,1.0,1.0
2025-09-16,-1.919982465651054,1.5375173935592215,-0.5487361260360597,0.04566858091650869,2.0
2025-09-17,0.7353032531305106,1.0,1.6688815068034673,1.0,1.0
2025-09-18,1.3084672422536205,1.0,-0.5381116832933884,1.0,1.0
2025-09-19,0.004543331388676971,0.29044263643049123,0.16050185993238308,1.2195379314592305,7.0
2025-09-20,-0.35285995620952204,1.0,1.7491821888792527,1.0,1.0
2025-09-23,0.989628575829336,1.0,-0.4088651047087061,1.0,1.0
2025-09-24,0.031032684999829092,0.7458964928961694,-0.06909182745426147,0.9809372392094459,7.0
2025-09-26,-1.3394622732281538,1.0,-0.5381116832933884,1.0,1.0
2025-09-27,0.3131583640280424,0.9775015579383196,0.3091136924833907,1.0159197687653507,5.0
2025-09-30,0.4146358962440793,0.33043727754243046,-0.6620946724788328,0.05690401052208741,2.0
2025-10-01,-0.25503809024411334,0.42569102403947956,-0.3891466659895635,0.022768891804992242,4.0
2025-10-08,0.651979295036132,0.8694864810792224,-0.47760989634154033,0.0938657694744032,6.0
2025-10-11,1.6168236124611473,1.0,1.2679806287116504,1.0,1.0
2025-10-14,-0.29745192182884017,1.2123326198511648,2.618380760493613,1.0,2.0
2025-10-15,1.2714613168063416,0.11552349971920174,-0.6771179698054055,0.07070073615483449,2.0
2025-10-16,0.6323479684484067,1.0,-0.620470863275164,1.0,1.0
2025-10-19,0.6482903359511532,1.0,1.4352126590019274,1.0,1.0
2025-10-20,0.11747514810112397,1.4275519752099721,-0.44726421297853747,0.05430453969822843,2.0
2025-10-21,-0.6582348995074205,0.9007387013786162,-0.3891466659895635,0.02788608346543422,2.0
2025-10-30,0.2745762948503131,1.0,-0.3535533905932738,1.0,1.0
2025-11-03,0.9325701130899547,3.0882439721266906,-0.487705425677614,0.18971962743622514,2.0
2025-11-10,0.7699108788363151,1.0,2.952927398325299,1.0,1.0
2025-11-11,-0.0855629155394831,1.0,-0.4088651047087061,1.0,1.0
2025-11-15,-0.8516057182802874,2.0844651899263633,-0.4759046287347669,0.0948082040926922,2.0
2025-11-20,-1.205554052382003,1.0,-0.4088651047087061,1.0,1.0
2025-11-22,0.909176283569861,1.0,2.267659377850613,1.0,1.0
2025-11-27,0.3058568660957827,1.0,-0.5831184726806311,1.0,1.0
2025-11-29,0.06373895910714679,1.0,-0.5810286892892896,1.0,1.0
2025-12-04,-0.0014279694380263303,0.051609794493153595,0.007541826155768705,0.8714425060622311,5.0
2025-12-06,0.5867162213622689,1.0,2.336300761546615,1.0,1.0
2025-12-07,0.8060686408323288,0.3421061236721158,0.16793667421543682,0.44113679764391345,2.0
2025-12-12,0.013759782598091437,0.04960529189759548,0.8684876340757037,1.7506774001924612,2.0
2025-12-16,0.6783135500992921,0.12953818457704502,-0.48309656627455566,0.13849693655942713,2.0
2025-12-21,0.021887827409205744,1.0,-0.40812090628519737,1.0,1.0
2025-12-22,0.17364030704714598,1.0,1.5662166125646126,1.0,1.0
2025-12-25,-0.662930420667226,1.937525191817292,0.08449754894657951,0.8805024202924627,2.0
2025-12-27,0.9245879664269272,1.0,-0.4274542261284898,1.0,1.0
2025-12-28,-0.0010738666795635197,1.0,2.3045358278231625,1.0,1.0
2025-12-29,0.05437548304962138,0.0784172224117822,-0.17918934991935884,0.35109955499583057,2.0
2025-12-30,0.5932738837414984,0.5048993538511006,0.3261351113165323,1.4814289496525301,4.0
2025-12-31,-1.2476780158737475,1.0,,1.0,1.0
2026-01-01,-3.021274935139674,1.0,-0.40812090628519737,1.0,1.0
2026-01-04,0.588377774679242,1.0,2.4748737341529163,1.0,1.0
2026-01-06,0.6482903359511532,1.0,-0.6218574607619541,1.0,1.0
2026-01-07,1.482424676040045,1.0,-0.4088651047087061,1.0,1.0
2026-01-08,0.5663273016851289,1.0,-0.6218574607619541,1.0,1.0
2026-01-11,-0.16375345201809807,0.29373570068024407,0.25008822782978374,1.1751345334174323,3.0
2026-01-12,0.10654238131272853,0.8681139108638579,0.6811287401570468,1.2951484342881574,8.0
2026-01-13,-0.6492704368942293,0.7603146172763215,-0.4095112582001625,0.07285144168838095,5.0
2026-01-14,0.5773502691896257,1.0,,1.0,1.0
2026-01-15,1.5417372233793958,1.0,-0.5381116832933884,1.0,1.0
2026-01-16,-3.155644674641903,1.0,-0.620470863275164,1.0,1.0
2026-01-18,0.21445826180795602,1.4633307689522312,-0.4256747933710249,0.17041100117888675,8.0
2026-01-19,-0.9739446226515239,0.8863446771278563,0.434110469929661,0.854312044500123,6.0
2026-01-20,0.7694590674364324,1.6671352745834271,-0.26724192812381814,0.36757946849681916,3.0
2026-01-21,2.1574748097427965,0.6292416010961507,-0.4084930054969517,0.0005262277518113413,2.0
2026-01-22,0.12225362675736084,0.38174662554461347,3.342373876333076,0.543440178424192,3.0
2026-01-23,-0.4215602565922391,1.0,-0.4088651047087061,1.0,1.0
2026-01-30,-0.4379964483224171,0.7933960182577896,1.040008160076291,1.7547779569660626,6.0
2026-01-31,-0.02131645568543643,1.0,-0.36942822727042085,1.0,1.0
2026-02-03,0.9172192996510576,1.3272899939689466,-0.3891466659895635,0.02788608346543422,2.0
2026-02-05,-1.3548862039610057,1.0,-0.4088651047087061,1.0,1.0
2026-02-07,-0.4582971885665059,0.2737007992024354,-0.3891466659895635,0.02788608346543426,2.0
2026-02-10,-0.6348978574450053,0.11011080192957186,2.154355417316749,0.06781425828565175,2.0
2026-02-11,-0.5703340736069008,0.15918026985926806,0.04297981594186351,0.6390052148734305,2.0
2026-02-16,0.5773502691896257,1.0,,1.0,1.0
2026-02-20,0.5677393453239281,0.7736434444668799,0.1362069279651922,1.141515633620417,3.0
2026-02-24,0.3143007536797231,0.9550577651318681,-0.462654333745768,0.07606945721380563,2.0
2026-03-03,-0.6095189010935991,0.7312905585036805,-0.3126790572291782,0.2653731604381484,5.0
2026-03-04,1.1240275122504386,1.0,-0.4088651047087061,1.0,1.0
2026-03-05,-0.013163820633489151,0.05835223838926452,2.2946142140339325,0.7380611749613952,3.0
2026-03-07,0.46579106939270254,1.0,-0.3779644730092272,1.0,1.0
2026-03-10,1.391855096351522,1.1005992262138473,-0.45727655063319195,0.0695165789041223,2.0
2026-03-11,-0.23302939439425036,0.044875970481839306,-0.4576486498449463,0.06899035115231096,2.0
2026-03-12,-1.7547055720362896,1.0,-0.6863859262770922,1.0,1.0
2026-03-13,-0.117696326738791,0.12939521547524468,-0.4315789649206523,0.07609413120111447,3.0
2026-03-14,-0.6828915218554938,1.0,-0.4088651047087061,1.0,1.0
2026-03-16,-0.9815558250134988,1.0,-0.4088651047087061,1.0,1.0
2026-03-21,0.32735730091399706,0.4930991554264943,1.158834778799705,0.24088078847954328,2.0
2026-03-23,-1.1415644446264719,1.0,-0.3659625273556999,1.0,1.0
2026-03-24,0.335222001037133,1.0,1.8508535502063974,1.0,1.0
2026-03-25,0.2289275476920498,0.3763523606103035,-0.03282035559329169,0.8626362559829881,6.0
2026-03-26,1.7415121122312418,0.35297236135391824,-0.44293589502662534,0.1039555406792399,2.0
2026-03-27,0.2279976635095325,1.0,-0.5270645209796462,1.0,1.0
2026-04-03,0.4791817958349832,1.4322322922883906,-0.3891466659895635,0.02788608346543422,2.0
2026-04-04,-0.14706897736442603,1.0,-0.6863859262770922,1.0,1.0
2026-04-07,-0.09950999117008853,0.3248133467314198,-0.48766471555599944,0.0682424648020839,3.0
2026-04-08,-0.479182062114806,0.5260795835400126,-0.4565546053456952,0.11192358391883028,4.0
2026-04-09,-0.7247448551511417,0.29988744979310467,1.763415728361001,0.21993060956124852,2.0
2026-04-10,0.35267871843194537,0.36921442401476207,-0.4282418423201045,0.07052740788139647,3.0
2026-04-11,0.02636126399007151,0.5703228991852936,-0.4315789649206523,0.07609413120111445,3.0
2026-04-12,0.4842854644780807,1.0,1.0923840404972185,1.0,1.0
2026-04-15,-1.1065615253911998,0.2899117526126894,-0.39571947889594433,0.022768891804992253,3.0
2026-04-17,0.1559535422325306,1.536118906873686,-0.35181632937070434,0.3271106280748637,2.0
2026-04-18,-0.5579125626710115,1.7102318269153804,-0.4315789649206523,0.07609413120111448,3.0
2026-04-19,3.189982082584668,0.30946860452577185,-0.462654333745768,0.07606945721380563,2.0
2026-04-21,-0.6599091203227114,1.0,-0.5270645209796462,1.0,1.0
2026-04-22,0.4284292266208709,0.8596243233371954,-0.19253918867489273,0.3048785888441795,2.0
2026-04-23,0.518442483854041,0.5306514708743895,0.15703272510424657,0.9625464599348612,3.0
2026-04-24,0.07846544855358187,0.11248557834458313,-0.4669432105548382,0.055845857340081774,2.0
2026-04-25,-0.32931524066205664,1.0076930819679712,-0.10859365138387621,0.684055346028075,9.0
2026-04-26,0.007362529989540149,0.3327079757787401,-0.5065626117074434,0.12121926342867416,7.0
2026-04-27,-0.7271299285045861,0.8481468119278466,0.6159366149441066,1.5399212393104256,7.0
2026-04-28,0.3842958123613314,0.44523012697969805,0.0633613680490283,0.95195293639378,7.0
2026-04-29,-0.034170864932586746,1.2345103590992343,1.1272420341263651,1.6843049189122807,12.0
2026-04-30,0.4732943274894767,0.5058224944485769,-0.04285556407086788,0.6001178206233454,3.0
2026-05-01,-0.5008427122198504,0.9080375205299854,-0.09074512552399437,0.7029206611799838,26.0
2026-05-02,-0.4608291184575416,0.8371292455941998,-0.381509850072814,0.3987524691177116,26.0
2026-05-03,-0.05078119218417028,0.452754345434719,0.29440112512321853,1.69254019131683,32.0
2026-05-04,0.357690583865502,0.9327569113320676,-0.20087352760561497,0.6095871737467814,28.0
2026-05-05,0.2743503714009975,0.7244329398751759,-0.32189261695025617,0.6131706160291326,19.0
2026-05-06,0.12082839207968697,0.6190227717669509,-0.23211330647544567,0.6335357452681455,9.0
2026-05-07,-0.21436472668950365,0.8504412476490479,0.19387381900337497,0.9082491878863492,11.0
2026-05-08,0.7689986662826891,0.8820662506991801,-0.29087899924678035,0.44440664719471273,9.0
2026-05-09,-0.42253903969075735,1.4355025905707552,1.4028381766460931,1.7841698449522256,3.0
2026-05-10,-1.1823853293225937,1.1510545113939228,-0.5339310383397609,0.1379271682063672,5.0
2026-05-11,-0.1510803639780722,0.9425330398836985,0.3051712070742992,1.2097328319466563,5.0
2026-05-12,-0.5995700947536493,0.8094214513954651,0.9539522377702655,1.5753139729737187,6.0
2026-05-13,0.1924183878392849,0.5885957062368927,-0.16437276267048628,0.47570179100308085,4.0
2026-05-14,0.9094769664859624,1.0,-0.40812090628519737,1.0,1.0
2026-05-15,-0.23958826368337857,0.8163463714376248,-0.5447753338309088,0.05422538698523198,2.0
2026-05-16,-0.22920249971770676,1.0,1.2478955773083218,1.0,1.0
2026-05-17,-0.2647614974342863,1.0,-0.4088651047087061,1.0,1.0
2026-05-18,0.15235414423416235,0.17316563685553413,-0.4315789649206523,0.07609413120111445,3.0
2026-05-19,0.7155961046046451,1.319150206102302,-0.5194760116252624,0.02313552274093528,4.0
2026-05-20,-0.15880847097222103,0.12705247481258766,-0.2520195456690838,0.4957576677624341,7.0
2026-05-21,-0.3347932072070807,0.6714288650360741,-0.4529475119849899,0.07587856941197348,4.0
2026-05-23,0.8396201149559807,0.8012381926097957,0.14529935589848722,1.3725407547760187,6.0
2026-05-24,0.43664481300107466,0.4992211192231553,-0.4147503124048271,0.04853305012869183,3.0
2026-05-25,0.5270614455425768,1.1198067449560576,-0.49494689699899785,0.12173803813031438,2.0
2026-05-26,0.3660154822465796,1.1091597049780642,-0.13574555255585846,0.6342452675378613,5.0
2026-05-27,-1.3785427462210784,1.1814067914320678,-0.46671693091369365,0.13579489985533263,3.0
2026-05-28,-0.07660134128472718,0.6644422356429154,-0.16581857861383054,0.7457436272462343,8.0
2026-05-29,0.9002735386508133,1.2422249858326186,-0.38083714843923555,0.03858506037826249,2.0
2026-06-01,1.0362754149254991,1.0,-0.40812090628519737,1.0,1.0
2026-06-02,0.11607729016950769,0.4235944960089387,-0.5279070767737565,0.22412293831690192,2.0
2026-06-03,0.3704678236412043,0.608323499374018,0.29812391981278813,1.0606536162862714,5.0
2026-06-04,0.574746262109147,1.2982114038721824,-0.6626415646517192,0.03357959824049368,2.0
2026-06-06,0.2848998661110758,1.0,-0.6632331674447397,1.0,1.0
2026-06-08,-1.5728180834416354,1.0,-0.5773502691896258,1.0,1.0
2026-06-09,-0.0912903950044081,1.0,-0.4659576052353545,1.0,1.0
2026-06-11,0.9703697766866924,1.0,-0.3659625273556999,1.0,1.0
2026-06-16,0.5488683961640177,0.26365870322110224,-0.3891466659895635,0.02788608346543422,2.0
2026-06-18,0.5722543983674258,0.1907843578213111,-0.4315789649206523,0.07609413120111447,3.0
2026-06-19,0.24092494581735524,0.4703437481818752,0.7019810874979036,1.7703171608881123,6.0
2026-06-20,2.0309797169257138,1.0,-0.48566332124836886,1.0,1.0
2026-06-21,-0.4139539781188386,0.4658952330791126,-0.15152749096000787,0.6461106461730924,5.0
2026-06-22,0.05683822060558019,0.669737356157826,-0.47906538992080483,0.056886576904523506,6.0
2026-06-23,0.32201261792475694,0.4499591608766335,-0.48340852444707577,0.12085290300601222,4.0
2026-06-24,-0.5501100663716751,1.4851989998192294,-0.45581178091359664,0.056090355692366665,9.0
2026-06-25,0.11705342095237586,0.824064267857139,-0.3066840177171902,0.32547318997003594,12.0
2026-06-26,-0.23438115184462063,1.2969088574026797,-0.21823684720912004,0.5696431172338265,9.0
2026-06-27,0.02340868037028258,1.1015239871889488,-0.0960628867908914,0.5244617454273858,13.0
2026-06-28,-0.25887129783806023,0.8651017046836816,-0.18742725876360913,0.6270641152364208,35.0
2026-06-29,-0.03468310745428828,0.7365687001165343,-0.11419606638477518,0.6626730368371881,28.0
2026-06-30,-0.2630407067749709,1.293403466783277,0.033672629653638333,1.245084323704749,7.0
2026-07-01,0.45276406135636255,0.47184843066445625,-0.45997357509719183,0.10903259860821699,5.0
2026-07-02,0.18130418936601167,0.6536351445086537,0.025146054425821,0.6524132755794139,3.0
2026-07-03,-0.33783675536017044,0.8822133851659758,0.22405935938947785,1.0156759946757627,12.0
2026-07-04,0.3122823316851633,0.41586270364227745,-0.3666459146719769,0.32109999728898375,5.0
2026-07-05,-0.38443036214369464,0.9527922513656059,-0.3573979521723094,0.46479525717202663,16.0
2026-07-06,-1.0226066190516747,0.7899237492900029,0.10634876048330126,1.1725630979044899,12.0
2026-07-07,-0.07144004236722044,0.29613176910463884,-0.4307350426362724,0.16130734118607548,6.0
2026-07-08,-0.02131645568543643,1.0,-0.36942822727042085,1.0,1.0
2026-07-09,0.35699339872253705,1.0,0.6497266397665232,1.0,1.0
2026-07-10,-0.14478620678365886,0.8748722469546484,-0.039058935938987405,0.8403913027004746,42.0
2026-07-11,-0.6009777121350746,1.267580361311716,0.43904373787999285,1.534601709624592,10.0
2026-07-12,-0.09994253904961385,0.7557372365712316,1.739244554577176,2.077059784404496,10.0
2026-07-13,0.10175634093185214,0.9002007233508098,-0.1566229447122242,0.8493473774990707,22.0
2026-07-14,0.45664828845121475,0.9608115097732263,-0.2287038301781788,1.007497803397187,16.0
2026-07-15,0.17421416374630425,0.8905705380728682,-0.20982591705881237,0.6749120397994239,12.0
2026-07-16,-0.12232407533672875,1.329419230653856,-0.5160470541604937,0.0951544128331263,7.0
2026-07-17,0.01773755278825939,0.8435909668730631,-0.13755040054800483,0.6770298284696681,12.0
2026-07-18,-0.8391054023871715,1.1129199463728576,0.10807335044065798,1.170338266476496,15.0
2026-07-19,0.20225002506846548,1.4747092651259515,2.1084517584728393,2.7850896522309294,14.0
2026-07-20,0.18634430922543907,0.31653471888004653,0.13455550894775098,0.955852439200926,14.0
2026-07-21,0.2176589594146962,0.9656318908901871,0.3887529276107762,1.5695974703833415,13.0
2026-07-22,0.05765312622218355,0.6054797473527349,-0.040469252961618456,0.9192033069303878,13.0
2026-07-23,-0.24958603135788865,0.7990641592756906,-0.32068305675983183,0.5540314343037068,17.0
2026-07-24,-0.1616010433563186,0.9337528568425362,-0.15826134574490053,0.6160434573832381,23.0
2026-07-25,-0.020344870231543324,0.6320745234423643,0.0012973487242161396,0.8019774209404826,19.0
2026-07-26,-0.05462819894253979,0.671615316236559,0.03374096206846412,0.7889864845130241,13.0
2026-07-27,-0.5447313798462083,0.7358881038323078,-0.0034167834579425117,0.8286889872177723,25.0
2026-07-28,-0.1281960584036301,0.8254140199919499,-0.00456821505799185,1.0889194808160005,27.0
2026-07-29,0.2575001385141352,0.9054814170716431,-0.10688698460858953,0.820241137131917,37.0
2026-07-30,0.018237274769836095,1.22647888023862,-0.04048885445615672,0.9812055344673448,22.0
2026-07-31,0.3129538668849852,0.7343504325308374,-0.3875350816367997,0.24970289634717588,23.0
2026-08-01,0.056683926653158946,1.368075125855621,0.17293651015347675,1.0365195142789647,21.0
2026-08-02,0.02036379526782542,0.6883675099392054,-0.040797285384798515,0.6891110234448053,34.0
2026-08-03,0.413367966510967,0.8151623691426079,-0.11752095442468656,0.7234332116867196,21.0
2026-08-04,0.1333274120077086,0.5521469871326933,-0.038038441845492175,1.1370329306036846,25.0
2026-08-05,0.0928309236148675,1.0385386834917312,0.021394768634792394,0.7132724501491279,17.0
2026-08-06,0.2946249892740229,0.6790235001562653,-0.42189513028579795,0.09822664377630257,8.0
2026-08-07,-0.1641881696977068,0.9689809354969353,-0.42406748660322363,0.08985840042649042,6.0
2026-08-08,0.17156847192364635,0.8012509537611632,0.5311936510428665,1.515531281786815,11.0
2026-08-09,0.023251027959339664,1.1741000814336664,0.06718798140817865,1.098543199008125,15.0
2026-08-10,0.06768091502582227,0.8198005228782241,-0.22199835191464437,0.618169437924848,19.0
2026-08-11,0.1882034041749126,0.6223191972121572,-0.2188883914145435,0.6602151449730118,21.0
2026-08-12,-0.177582545446015,1.0215345055817808,-0.07996464723103201,0.799076422532615,14.0
2026-08-13,-0.08816111305465589,0.7542153210537147,0.6460227006083424,1.2769716076664126,11.0
2026-08-14,-0.03345043673752919,1.0405490951432923,-0.13258823627223149,0.9287937238125235,99.0
2026-08-15,0.043216506449544605,0.9431899301715464,-0.03110651676063637,0.8238032494734703,51.0
2026-08-16,-0.3029776592085782,1.0889117109597488,-0.10748847931376415,0.9027426014875376,61.0
2026-08-17,-0.08996685369782786,1.1419389349288818,0.20504918009808917,1.2161574886036113,71.0
2026-08-18,0.2030550488987114,0.8614940163499714,-0.2692228944342674,0.4930208256426542,30.0
2026-08-19,-0.1189002113169514,0.8623107202007982,-0.25132119650341594,0.5409371551030839,18.0
2026-08-20,-0.17476678377929158,0.646947922555325,0.3644241776599588,1.126708443234589,21.0
2026-08-21,-0.09190158045623803,0.7552350953781102,-0.01361674150952361,0.8558357819657634,10.0
2026-08-22,0.09087799248004128,0.8723760580388544,-0.08878116660251763,0.7703645238709549,25.0
2026-08-23,-0.17770537429433672,0.9599314827206494,-0.18244115613041798,0.5711617599855967,11.0
2026-08-24,0.08768820727038414,1.0730934892664816,-0.16321479556582183,0.7085363942894279,12.0
2026-08-25,0.29237792926323325,0.6863860677619404,-0.39883129437290266,0.0657472567881371,5.0
2026-08-26,-0.10590712603937366,1.0291649159013887,0.0257920443774274,0.871748906700748,7.0
2026-08-27,-0.5040992641645391,0.8680350658214011,-0.018118859482015276,0.8810864553406612,8.0
2026-08-28,0.9904216556785822,1.6835104504032856,-0.1137271130642449,0.4436771381796126,2.0
2026-08-29,1.38833812085856,1.3973560741085571,-0.36942822727042085,0.0,3.0
2026-08-30,0.2954062597123056,0.7655385223771011,-0.05963555311246942,0.5434077704593856,5.0
2026-08-31,0.20027871608630154,1.7793902388123042,0.19971185723237872,0.9370754671007068,2.0
2026-09-01,0.01409823597198151,1.0199379165171125,-0.36942822727042085,1.0,2.0
2026-09-03,0.04622584383150082,0.15821766593596423,-0.16535501739041583,0.48637106010413644,3.0
2026-09-04,0.812721917907714,0.6650015296708635,-0.11017255099868939,0.8557777579859115,3.0
2026-09-06,-0.20537877641926383,0.014958068949044872,0.056114495834265976,0.9040119335897812,2.0
2026-09-07,-0.7032890461546735,1.0499912402142897,0.3895937641347699,1.2255992649970293,7.0
2026-09-08,-0.8890533716695229,3.358642629556192,0.8085997122814013,1.21662218127577,2.0
2026-09-09,-1.2061447760100674,1.3816050167882998,-0.4275457742593949,0.08219062316366266,2.0
2026-09-10,0.41053137860198163,0.5808776338126805,0.2632569317053609,0.5918595911989826,5.0
2026-09-11,0.06373895910714679,1.0,-0.5810286892892896,1.0,1.0
2026-09-13,-0.02131645568543643,1.0,-0.36942822727042085,1.0,1.0
2026-09-15,-0.7708974683017419,1.0,0.1860091371288259,1.0,1.0
2026-09-16,-1.1877858618100945,1.0,0.015962088277175365,1.0,1.0
2026-09-21,-0.33267283633336253,1.0728456566651035,-0.060236561554549636,0.7000083233024247,5.0
2026-09-22,0.06373895910714679,1.0,-0.5810286892892896,1.0,1.0
2026-09-23,0.11446355199413406,0.2308730300674194,0.5302878764996463,1.4296432823846477,4.0
2026-09-24,-1.66075352970027,0.6688772904942599,-0.2303057370002443,0.6675457791585486,2.0
2026-09-25,1.0813805310031852,1.0,3.435377778130685,1.0,1.0
2026-09-26,-2.3866060240355886,0.8302896657979505,-0.45655877368842934,0.04116004588599924,2.0
