week,sentiment_mean,sentiment_std,subjectivity_mean,subjectivity_std,counting
2024-50,-0.1579082066315464,0.6339123304383458,0.7633768537164569,0.9739295653943044,9.0
2024-51,1.1446749799438911,0.8833292259105386,2.5460208487356213,2.320699140602468,4.0
2024-52,0.9975439552015865,0.7577171080566323,-0.4178512582961764,0.013580647347490118,2.0
2025-00,-0.5625894839621348,0.7654756575356627,-0.44824637412503354,0.1114656922429075,2.0
2025-01,-0.38082515480335694,1.0337933793581935,-0.06906721668001388,0.8623840400791102,97.0
2025-02,0.22148345699264263,1.0658468596416513,-0.16237788784052012,0.6810410733991628,30.0
2025-03,-0.05016700697535788,0.8274439909266736,0.04826959324875891,0.9003493533104203,11.0
2025-04,-0.11229284981066878,1.2153217655174506,-0.36115941636188736,0.6708098404855876,22.0
2025-05,-0.676257129790537,1.111499218096991,-0.32305642990088557,0.3803013366676311,9.0
2025-06,0.5604869550604817,0.9654609460168069,0.5102281374286992,1.1078739773435335,4.0
2025-07,0.4013207143837115,1.4877503335842328,-0.21476476243794407,0.5679700511622193,8.0
2025-08,0.4873510310281412,1.2062272348956882,0.47920419475938564,1.3842099926649925,12.0
2025-09,0.13119652139892854,0.9391101681488777,0.32115137276500305,1.3975504459725219,57.0
2025-10,-0.29305410723382247,1.4055663362255757,0.02732109634081065,1.093160618674586,27.0
2025-11,-0.04787321507537487,1.0954435462961396,-0.22478460066136166,0.4911705387566011,29.0
2025-12,-0.30257928063127726,1.3137338880383629,-0.14271211054597305,0.9274850952380831,45.0
2025-13,0.12375927781574685,0.8225540333412088,0.46813994585061974,1.4726097786456507,22.0
2025-14,0.10652349613170733,0.988451928631841,-0.19926012784642078,0.5728128123832491,28.0
2025-15,0.10593272392569703,0.9752882851961128,0.2614205064926649,1.2580391038637349,15.0
2025-16,-0.1425585963186948,1.3864121501332065,0.1940870293197644,0.9013887142854503,11.0
2025-17,0.09085899677208177,0.8846019048672373,-0.09765239103976726,0.7297806579262409,44.0
2025-18,-0.5519806758099342,0.9388014412055108,-0.4760883194882402,0.07789726300714245,15.0
2025-19,-0.03026518754550677,0.9591093106249664,-0.28890969204677946,0.5238836672557157,38.0
2025-20,-0.4299752019024948,0.8733326784222081,-0.07530403017133389,0.8778794078913242,13.0
2025-21,0.10135572094042267,1.0225857891905368,0.812474699647905,1.4524243884193206,25.0
2025-22,-0.018923986405974147,1.2569014313675446,0.7727853408245137,1.4321220095557008,24.0
2025-23,-0.25951299306135184,0.8147278858992472,0.039656542556642756,0.9671324459748316,27.0
2025-24,0.2626264227043942,1.0031058186318755,0.007572108610522632,0.9292086219640766,46.0
2025-25,0.018565692885646246,1.147364130640888,-0.3040582701865487,0.571267474306119,56.0
2025-26,-0.04648351067494189,0.9255403394275363,-0.12045511412230833,0.9099121591219569,290.0
2025-27,0.101101828367033,0.882689741288029,-0.07620542924378025,0.8471261290051785,107.0
2025-28,0.43769499359354525,1.3044165381065795,0.11829247882209944,0.9108272151786858,24.0
2025-29,0.10767165262626435,1.1642251520895772,0.030414229564939877,1.0395838142060672,47.0
2025-30,0.3835564380077011,0.9758233059720167,-0.2542321470672238,0.5247413140239866,39.0
2025-31,0.26451572661396416,0.7859107814906401,0.07116736886431556,0.9988393725834354,101.0
2025-32,0.07417661698235235,1.1807579901613867,0.18810228982107208,1.1649352534258326,118.0
2025-33,0.21003619214353633,1.0565410625678766,0.150762769731028,1.229954356297596,95.0
2025-34,0.11507958250222461,0.9542096575035572,0.26157209265727743,1.1669420169590512,35.0
2025-35,0.2916186759221875,0.8749541590511616,-0.04316816091684956,0.730225972343864,22.0
2025-36,-0.10402698754189459,0.7940293942848465,0.17215722971958072,1.3363341281953927,14.0
2025-37,-0.17643758936723,1.0551439362037822,0.2421660649869911,1.1731428642435417,12.0
2025-38,0.10237049412429985,0.8894292247497345,0.008210634445359204,0.9143624219566587,14.0
2025-39,-0.031813428081382454,0.5001556429362723,-0.4801293348193199,0.1443104196128622,6.0
2025-40,0.7898141975254198,0.8734957582758457,-0.22823982133394166,0.6653122267509087,7.0
2025-41,0.5381095157257604,0.8917457394809964,0.4157773233219131,1.5295717903119055,6.0
2025-42,-0.2703798757031483,1.0725298640827332,-0.4182054394840505,0.0486630111100592,4.0
2025-43,0.2745762948503131,1.0,-0.3535533905932738,1.0,1.0
2025-44,0.9325701130899547,3.0882439721266906,-0.487705425677614,0.18971962743622514,2.0
2025-45,-0.25471586831593573,1.4301541649310023,0.39806325903676476,1.7044150988647524,4.0
2025-46,-0.14818888440607098,1.495340160932469,0.9293971365709535,1.8925886116295099,2.0
2025-47,0.18479791260146475,0.17120321387835824,-0.5820735809849604,0.001477700007228614,2.0
2025-48,0.27396420697959933,0.4090021336159039,0.33873540509454153,1.057578604955159,8.0
2025-49,0.013759782598091437,0.04960529189759548,0.8684876340757037,1.7506774001924612,2.0
2025-50,0.45950497586926325,0.3898995346258986,-0.45810467961143625,0.10707233029648515,3.0
2025-51,-0.04574128690798846,1.1734043468324595,0.722458662430489,1.237585205523407,5.0
2025-52,0.17630978359878413,0.7663585732657288,0.15769362423790187,1.1872351503350287,7.0
2026-00,-1.216448580230216,2.5524099088413528,1.0333764139338595,2.0385850603782623,2.0
2026-01,0.3676303262703388,0.6900267320247809,-0.15038589045721054,0.8665337026250001,6.0
2026-02,-0.07145434256577296,1.2801048978762972,-0.08380163651991986,0.8822227926551135,24.0
2026-03,0.04832398063770598,1.3922912483559344,0.7069471699002088,1.5206618430401588,15.0
2026-04,-0.37847073508856266,0.7411933228976696,0.8386601047410464,1.6881425712666125,7.0
2026-05,-0.08740839635838046,1.197578959389418,-0.39309035373339196,0.021600467370515363,5.0
2026-06,-0.602615965525953,0.11780100338782674,1.0986676166293061,1.274209999482481,4.0
2026-07,0.5701420762903525,0.6316955056898644,0.1362069279651922,1.141515633620417,4.0
2026-08,0.3143007536797231,0.9550577651318681,-0.462654333745768,0.07606945721380563,2.0
2026-09,-0.14972673857253213,0.7645084121283837,0.4533617778237974,1.3295957276878856,10.0
2026-10,-0.052559407799290386,1.0483303807623523,-0.4688709251893368,0.09796628244163104,9.0
2026-11,-0.10894707439516822,0.8322607237416192,0.636268150963568,0.9209991415377968,3.0
2026-12,0.38893133913954325,0.8376486999202796,-0.011360674703813573,0.892542744330044,11.0
2026-13,0.2704315381018468,1.0753486317691492,-0.48822641941873973,0.17274029479041553,3.0
2026-14,-0.12770890753297762,0.5417184854384691,-0.07809121828461432,0.8200799839676328,16.0
2026-15,0.16984489854477638,1.92043662772872,-0.4110836657682734,0.12459626010540774,10.0
2026-16,-0.041795490601808816,0.7418618038654423,-0.2457588453555566,0.5554279222321205,24.0
2026-17,-0.2479510792675313,0.8338188530005077,0.1353595596166522,1.2654871199053037,113.0
2026-18,0.1630819187005311,0.9514993721394728,-0.1520937845147086,0.7479118900785375,84.0
2026-19,-0.18234061975439525,0.7730255328801218,0.2966718654981872,1.1630681962564655,20.0
2026-20,0.2672692538602335,0.7857871923055041,-0.27114898558185596,0.6931046896842624,27.0
2026-21,-0.0031845794660687377,1.0807927929241279,-0.2578497637653742,0.5605944254318634,20.0
2026-22,0.4141055912545369,0.6314727496277198,-0.1783483415924498,0.817789907715799,11.0
2026-23,-0.2312462339197837,1.2773573699677416,-0.4697568005935601,0.10574506968856276,3.0
2026-24,0.2483093816862332,0.706371006904457,0.052679736599878214,1.1585043879100738,17.0
2026-25,-0.14526003064436452,0.992735619063567,-0.25429456525059274,0.501938101726798,88.0
2026-26,-0.1137920300192153,0.8499440758370937,-0.13697540024319083,0.7289349595374417,76.0
2026-27,-0.31042031629935213,0.9141041429522048,0.2331034255806378,1.2853711424358023,82.0
2026-28,0.012623301040089687,1.1066305031520811,0.16644886874086495,1.5235494760621178,98.0
2026-29,-0.025612751861573156,0.7453824350535257,-0.019793534720465623,0.8925239754974985,112.0
2026-30,0.010210674783509193,0.9492075795762437,-0.06244768443118366,0.8439744094223782,189.0
2026-31,0.16698959033914482,0.8517571884753707,-0.020448702546375222,0.966152251097521,103.0
2026-32,-0.06451778125541131,0.9850605073212201,-0.08751359537363158,0.8835577957890809,276.0
2026-33,-0.03606519633577278,0.95728593510366,0.02456268203707209,0.9688536746905045,186.0
2026-34,0.12768793120150526,1.0521919276971068,-0.13216802993739535,0.6580298282042027,42.0
2026-35,0.21623663637464022,0.7823676082484032,-0.06221438420949519,0.6270232211301441,12.0
2026-36,-0.3899077901116821,1.2653127923536969,0.21128441383818442,0.9446728939136697,18.0
2026-37,-0.9793416650559181,0.29478461004772205,0.10098561270300063,0.12024142136376223,2.0
2026-38,-0.5436739727367773,1.1998257795297558,0.2200392510459923,1.2426380361813507,15.0
