keyword,sentiment_mean,sentiment_std,subjectivity_mean,subjectivity_std,counting
'Waldbrand Evakuierung',0.13565848577544629,0.8819414241070694,-0.06266489957287386,0.8219304394372191,35.0
'Waldbrand Feuerwehr',-0.05213302586005809,0.8915817757772205,-0.1644559333541686,0.7489931535784843,226.0
'Waldbrand Gebäude',-0.011340467057108922,0.8776277943054761,-0.030920635551410856,0.9206212121605452,11.0
'Waldbrand Gesundheit',-0.8393722885217737,2.26130347676242,-0.13034274243866137,0.782534213567423,3.0
'Waldbrand Hektar',0.11028522720688959,0.8732846538922148,0.005394713621146893,1.2742805522442628,132.0
'Waldbrand Hitze',0.07697263596416004,1.0864779538291114,0.23179945984665523,1.1839510161583733,57.0
'Waldbrand Häuser',-0.28780072448067695,0.8779449170309052,-0.2289730288060213,0.6845153909532188,71.0
'Waldbrand Quadratkilometer',0.19543810320358918,0.8467955369739708,0.7839520061137537,2.432630052193343,11.0
'Waldbrand Rauch',-0.08615692092098556,0.9218603988812579,-0.060011718292540206,0.8400285412710726,79.0
'Waldbrand Schaden',-0.661638602052707,1.0878731726673987,-0.26189837014937434,0.40938902366363544,20.0
'Waldbrand Todesopfer',-0.24360294708092664,1.123340752969479,-0.16283305442872922,0.960698787410579,12.0
'Waldbrand Tote',-0.42671340755010784,0.6950457303480019,0.002985570604573529,0.8193450137641108,23.0
'Waldbrand Unterstützung',0.008206562092274675,0.6366484502510463,0.09162744985856487,1.0716936076596149,16.0
'Waldbrand Versicherung',0.16240500344580333,0.06350697394095016,-0.3189093676289831,0.34282243440132415,3.0
'Waldbrand Wetter',0.09413646253938732,1.014311403749646,-0.27704851794860597,0.5168375939044021,47.0
'Waldbrand Wind',0.007446442236021132,1.1235337994853667,-0.11037054274400646,0.9846414333331884,58.0
'Waldbrand heiss',0.24951892473183285,0.48441233877911166,-0.620470863275164,0.0,2.0
'Waldbrand trocken',-0.07267902655651576,1.0407449512506772,0.20624352611348284,1.168885004017114,54.0
'Waldbrand',-0.021435953148868096,0.9394329583980966,-0.054576410727453006,0.9004325992791687,1283.0
'Waldbrände Klimawandel',0.24336043336379887,1.2409473983970167,0.4889421316311298,1.3994254014727505,65.0
'Waldbrände',0.04102966931901512,1.053558997443405,0.07403293774651751,1.05898701168189,1264.0
