domain,sentiment_mean,sentiment_std,subjectivity_mean,subjectivity_std,counting
www.zeit.de,0.00394425860334951,0.18503350939547883,0.03624848776363928,0.0981205145894427,792.0
www.stern.de,-0.08090098378351855,0.2232160521419841,0.04876597728220603,0.11927155612105639,647.0
www.tagesspiegel.de,0.01367497367497367,0.20407049805773295,0.05698685698685699,0.11034479097732618,407.0
www.faz.net,-0.014218996565487797,0.22308171900933157,0.06638819270398218,0.11425974986740804,171.0
www.bild.de,-0.05135621613915028,0.2252488703113534,0.06159538066723695,0.11686497234295078,167.0
www.tagesschau.de,0.01137312099232629,0.21330018256662808,0.0902239041311889,0.14386909173588014,151.0
www.n-tv.de,-0.03934552774881242,0.22659213415310026,0.06392915073572007,0.11880275548833368,137.0
orf.at,0.04732413419913419,0.2064730282497797,0.07003848003848004,0.14421200237738824,132.0
www.diepresse.com,0.0002030187074829911,0.18905392200595086,0.06258503401360545,0.14641341736271152,112.0
www.morgenpost.de,0.014659391534391532,0.2291417689877547,0.046796002351557904,0.09528196622975803,108.0
www.welt.de,0.012800017442874581,0.21971055747390328,0.05917669631955346,0.101483144664436,91.0
www.sueddeutsche.de,0.021356819859726834,0.18300933017334473,0.06046050203026947,0.09722565997067556,86.0
www.focus.de,-0.030624291383219957,0.21224257618607595,0.04396258503401361,0.09434889470643616,56.0
www.dw.com,0.028284202569916848,0.21156608365735977,0.10391156462585033,0.14291019284891004,42.0
www.nzz.ch,-0.030765629351155666,0.20679378423878786,0.07649087997772208,0.12327876215486401,38.0
tirol.orf.at,-0.0043154761904761925,0.1971632958262983,0.03455687830687831,0.08467313919647564,36.0
taz.de,-0.03305555555555556,0.1826460908650973,0.2472222222222222,0.17402345667702,30.0
noe.orf.at,0.006194581280788176,0.1928590180127372,0.0793103448275862,0.12413631559491373,29.0
steiermark.orf.at,0.03049382716049382,0.2073437084214734,0.07729276895943563,0.11260832426833987,27.0
kaernten.orf.at,-0.03298160173160174,0.20873802119105642,0.03340909090909091,0.06596952413408873,22.0
ooe.orf.at,0.02296875,0.19531858323859852,0.025,0.06831300510639733,16.0
www.spektrum.de,0.0052040816326530525,0.2211884871023868,0.10892857142857142,0.2006257381623475,14.0
versicherungswirtschaft-heute.de,-0.1982051282051282,0.25743905386128085,0.057692307692307696,0.14978617237881953,13.0
science.orf.at,-0.008863636363636358,0.16515660612114352,0.1431818181818182,0.15086869667483588,11.0
vorarlberg.orf.at,0.09749999999999999,0.2651592230721891,0.0,0.0,10.0
www.visions.de,0.03481481481481481,0.2353004055759308,0.037037037037037035,0.1111111111111111,9.0
www.derstandard.at,0.13499999999999998,0.3178934569946352,0.022222222222222223,0.06666666666666667,9.0
salzburg.orf.at,0.10883597883597883,0.11941446124758781,0.06296296296296296,0.09493337494797258,9.0
www.jungewelt.de,0.05354166666666666,0.22458857887680922,0.0,0.0,8.0
www.ibiza-heute.de,0.19270833333333331,0.154025192486927,0.020833333333333332,0.05892556509887895,8.0
burgenland.orf.at,0.05326530612244897,0.18620943933217854,0.028571428571428574,0.07559289460184546,7.0
t3n.de,-0.07583333333333332,0.18423942755736805,0.022222222222222223,0.05443310539518173,6.0
oe3.orf.at,0.16999999999999998,0.24328481251405726,0.25,0.25,5.0
www.freitag.de,0.055999999999999994,0.16276516826397472,0.05,0.08660254037844387,5.0
www.telepolis.de,0.11944444444444445,0.17855731866653554,0.0,0.0,4.0
www.gamestar.de,-0.045,0.34847285881877993,0.025,0.05,4.0
www.golem.de,-0.04801587301587302,0.0932860464921931,0.0,0.0,3.0
www1.wdr.de,-0.07777777777777777,0.13471506281091267,0.0,0.0,3.0
www.brigitte.de,0.07777777777777777,0.06735753140545633,0.0,0.0,3.0
oesterreich.orf.at,0.007407407407407393,0.1626680833777611,0.022222222222222223,0.03849001794597505,3.0
www.kino-zeit.de,-0.07777777777777777,0.13471506281091267,0.0,0.0,3.0
www.kicker.de,-0.040740740740740744,0.07056503290095427,0.0,0.0,3.0
www.derstandard.de,0.07083333333333333,0.10017346066809422,0.0,0.0,2.0
wien.orf.at,-0.10333333333333332,0.3441253001774531,0.0,0.0,2.0
www.rtl.de,-0.024999999999999994,0.21213203435596426,0.0625,0.08838834764831845,2.0
www.ardaudiothek.de,0.0,1.0,0.0,1.0,1.0
stadt-bremerhaven.de,0.0,1.0,0.0,1.0,1.0
sport.orf.at,0.0,1.0,0.0,1.0,1.0
futurezone.at,0.0,1.0,0.0,1.0,1.0
fm4.orf.at,0.0,1.0,0.0,1.0,1.0
de.catholicnewsagency.com,0.0,1.0,0.0,1.0,1.0
rivva.de,0.0,1.0,0.0,1.0,1.0
www.apfelpage.de,0.0,1.0,0.0,1.0,1.0
www.jetzt.de,0.0,1.0,0.0,1.0,1.0
www.mdr.de,0.0,1.0,0.0,1.0,1.0
www.rbb24.de,0.0,1.0,0.0,1.0,1.0
www.perlentaucher.de,0.0,1.0,0.0,1.0,1.0
www.photoscala.de,0.0,1.0,0.0,1.0,1.0
www.pik-potsdam.de,0.0,1.0,0.0,1.0,1.0
www.titanic-magazin.de,0.0,1.0,0.0,1.0,1.0
